<?xml version = '1.0' encoding = 'UTF-8'?>
<Diagram class="oracle.dbtools.crest.swingui.relational.DPVRelational" name="Relational_1" id="370792A0-5C47-7395-61C5-8B6781A9CE1A">
<createdBy>macbook</createdBy>
<modifiedBy>macbook</modifiedBy>
<createdTime>2025-10-08 23:55:50 UTC</createdTime>
<autoRoute>false</autoRoute>
<boxInbox>true</boxInbox>
<showLegend>false</showLegend>
<showLabels>false</showLabels>
<showRelAttributes>false</showRelAttributes>
<gridEnabled>false</gridEnabled>
<showGrid>false</showGrid>
<diagramColor>-1</diagramColor>
<display>false</display>
<notation>1</notation>
<objectViews>
<OView class="oracle.dbtools.crest.swingui.relational.TVTable" oid="2DF29975-C9C8-B8CA-70F4-AA7992CB534C" otype="Table" vid="D2CDB421-7E0E-EE41-03E1-898CDDDBEFC4">
<hideElementsInCurrentOnly>false</hideElementsInCurrentOnly>
<bounds x="1031" y="247" width="274" height="232"/>
</OView>
<OView class="oracle.dbtools.crest.swingui.relational.TVTable" oid="2EA380E6-CF45-339B-8863-85049A1A03A7" otype="Table" vid="BA94BD2B-A8B3-1838-334C-BADBE8A87709">
<hideElementsInCurrentOnly>false</hideElementsInCurrentOnly>
<bounds x="701" y="247" width="250" height="70"/>
</OView>
<OView class="oracle.dbtools.crest.swingui.relational.TVTable" oid="573BE148-FD93-D1B8-F980-F67B8B8F1B77" otype="Table" vid="CFE25B95-5E46-D2A0-2C5A-1D4C0FC8C256">
<hideElementsInCurrentOnly>false</hideElementsInCurrentOnly>
<bounds x="371" y="20" width="238" height="167"/>
</OView>
<OView class="oracle.dbtools.crest.swingui.relational.TVTable" oid="8101B617-F0D5-F285-923E-F176543CA828" otype="Table" vid="8F19144E-70B9-9232-4658-46D0976D3B5C">
<hideElementsInCurrentOnly>false</hideElementsInCurrentOnly>
<bounds x="372" y="798" width="210" height="83"/>
</OView>
<OView class="oracle.dbtools.crest.swingui.relational.TVTable" oid="8E170CB0-3727-E7AB-F2FC-9C9AEC350A4E" otype="Table" vid="5745B207-B057-CE04-187E-09944A2E3E25">
<hideElementsInCurrentOnly>false</hideElementsInCurrentOnly>
<bounds x="689" y="20" width="223" height="96"/>
</OView>
<OView class="oracle.dbtools.crest.swingui.relational.TVTable" oid="B2FE2F33-A004-778D-2E68-78F73AE03CC5" otype="Table" vid="E1DE84F9-BBFA-B129-5CA0-697CD06369B5">
<hideElementsInCurrentOnly>false</hideElementsInCurrentOnly>
<bounds x="371" y="247" width="250" height="154"/>
</OView>
<OView class="oracle.dbtools.crest.swingui.relational.TVTable" oid="B9F5DB8E-02A0-FD04-A14A-D493B974A853" otype="Table" vid="9CF732E1-5B1F-AC2E-DD2F-4DFD947C4606">
<hideElementsInCurrentOnly>false</hideElementsInCurrentOnly>
<bounds x="372" y="461" width="218" height="115"/>
</OView>
<OView class="oracle.dbtools.crest.swingui.relational.TVTable" oid="D3EA53B2-CD14-6E10-0B7E-F5AF33001BE9" otype="Table" vid="34A94536-6809-EE89-9CAF-9191F56636B6">
<hideElementsInCurrentOnly>false</hideElementsInCurrentOnly>
<bounds x="372" y="636" width="219" height="102"/>
</OView>
<OView class="oracle.dbtools.crest.swingui.relational.TVTable" oid="EBAFF780-9AD1-B7F3-E963-6AC81DA4865D" otype="Table" vid="9B197296-050B-DCAF-64A9-19D2F0B12FB9">
<hideElementsInCurrentOnly>false</hideElementsInCurrentOnly>
<bounds x="20" y="461" width="271" height="154"/>
</OView>
</objectViews>
<connectors>
<Connector class="oracle.dbtools.crest.swingui.relational.TVFKRelation" oid="00B05011-271C-B0D5-4EF0-70110849FEFA" otype="FKIndexAssociation" vid_source="9CF732E1-5B1F-AC2E-DD2F-4DFD947C4606" vid_target="E1DE84F9-BBFA-B129-5CA0-697CD06369B5">
<hideElementsInCurrentOnly>false</hideElementsInCurrentOnly>
<backgroundColor>-16777216</backgroundColor>
<lineWidth>1</lineWidth>
<points>
<point x="481" y="461"/>
<point x="481" y="401"/>
</points>
</Connector>
<Connector class="oracle.dbtools.crest.swingui.relational.TVFKRelation" oid="0E7BC178-944C-A995-7DD8-F09A394C60A9" otype="FKIndexAssociation" vid_source="D2CDB421-7E0E-EE41-03E1-898CDDDBEFC4" vid_target="CFE25B95-5E46-D2A0-2C5A-1D4C0FC8C256">
<hideElementsInCurrentOnly>false</hideElementsInCurrentOnly>
<backgroundColor>-16777216</backgroundColor>
<lineWidth>1</lineWidth>
<points>
<point x="1031" y="310"/>
<point x="609" y="149"/>
</points>
</Connector>
<Connector class="oracle.dbtools.crest.swingui.relational.TVFKRelation" oid="17D1948D-A7B2-7A16-76BD-9C9FDA41084B" otype="FKIndexAssociation" vid_source="8F19144E-70B9-9232-4658-46D0976D3B5C" vid_target="34A94536-6809-EE89-9CAF-9191F56636B6">
<hideElementsInCurrentOnly>false</hideElementsInCurrentOnly>
<backgroundColor>-16777216</backgroundColor>
<lineWidth>1</lineWidth>
<points>
<point x="477" y="798"/>
<point x="477" y="738"/>
</points>
</Connector>
<Connector class="oracle.dbtools.crest.swingui.relational.TVFKRelation" oid="31F2660A-61A9-B10D-B90D-A5B20B66F2B6" otype="FKIndexAssociation" vid_source="D2CDB421-7E0E-EE41-03E1-898CDDDBEFC4" vid_target="9B197296-050B-DCAF-64A9-19D2F0B12FB9">
<hideElementsInCurrentOnly>false</hideElementsInCurrentOnly>
<backgroundColor>-16777216</backgroundColor>
<lineWidth>1</lineWidth>
<points>
<point x="1031" y="470"/>
<point x="291" y="470"/>
</points>
</Connector>
<Connector class="oracle.dbtools.crest.swingui.relational.TVFKRelation" oid="38C4EBF6-AEC1-4433-3787-781C5050498C" otype="FKIndexAssociation" vid_source="D2CDB421-7E0E-EE41-03E1-898CDDDBEFC4" vid_target="D2CDB421-7E0E-EE41-03E1-898CDDDBEFC4">
<hideElementsInCurrentOnly>false</hideElementsInCurrentOnly>
<backgroundColor>-16777216</backgroundColor>
<lineWidth>1</lineWidth>
<points>
<point x="1305" y="383"/>
<point x="1330" y="383"/>
<point x="1330" y="504"/>
<point x="1192" y="504"/>
<point x="1192" y="479"/>
</points>
</Connector>
<Connector class="oracle.dbtools.crest.swingui.relational.TVFKRelation" oid="76E2D3DE-0AD7-8D2B-D3CF-915EB21DF0A2" otype="FKIndexAssociation" vid_source="5745B207-B057-CE04-187E-09944A2E3E25" vid_target="CFE25B95-5E46-D2A0-2C5A-1D4C0FC8C256">
<hideElementsInCurrentOnly>false</hideElementsInCurrentOnly>
<backgroundColor>-16777216</backgroundColor>
<lineWidth>1</lineWidth>
<points>
<point x="689" y="68"/>
<point x="609" y="68"/>
</points>
</Connector>
<Connector class="oracle.dbtools.crest.swingui.relational.TVFKRelation" oid="81E3D200-F38F-42E7-2709-AC395EA20EF4" otype="FKIndexAssociation" vid_source="34A94536-6809-EE89-9CAF-9191F56636B6" vid_target="9CF732E1-5B1F-AC2E-DD2F-4DFD947C4606">
<hideElementsInCurrentOnly>false</hideElementsInCurrentOnly>
<backgroundColor>-16777216</backgroundColor>
<lineWidth>1</lineWidth>
<points>
<point x="481" y="636"/>
<point x="481" y="576"/>
</points>
</Connector>
<Connector class="oracle.dbtools.crest.swingui.relational.TVFKRelation" oid="A0E281AA-F391-6245-AA86-BEB8F9B875C9" otype="FKIndexAssociation" vid_source="BA94BD2B-A8B3-1838-334C-BADBE8A87709" vid_target="E1DE84F9-BBFA-B129-5CA0-697CD06369B5">
<hideElementsInCurrentOnly>false</hideElementsInCurrentOnly>
<backgroundColor>-16777216</backgroundColor>
<lineWidth>1</lineWidth>
<points>
<point x="701" y="282"/>
<point x="621" y="282"/>
</points>
</Connector>
<Connector class="oracle.dbtools.crest.swingui.relational.TVFKRelation" oid="A973194C-95D2-BCAF-7AAE-B9C4C7EFF841" otype="FKIndexAssociation" vid_source="E1DE84F9-BBFA-B129-5CA0-697CD06369B5" vid_target="CFE25B95-5E46-D2A0-2C5A-1D4C0FC8C256">
<hideElementsInCurrentOnly>false</hideElementsInCurrentOnly>
<backgroundColor>-16777216</backgroundColor>
<lineWidth>1</lineWidth>
<points>
<point x="490" y="247"/>
<point x="490" y="187"/>
</points>
</Connector>
<Connector class="oracle.dbtools.crest.swingui.relational.TVFKRelation" oid="CE2D89DC-3E4D-0EE8-D400-37604F17CB5E" otype="FKIndexAssociation" vid_source="E1DE84F9-BBFA-B129-5CA0-697CD06369B5" vid_target="9B197296-050B-DCAF-64A9-19D2F0B12FB9">
<hideElementsInCurrentOnly>false</hideElementsInCurrentOnly>
<backgroundColor>-16777216</backgroundColor>
<lineWidth>1</lineWidth>
<points>
<point x="373" y="401"/>
<point x="278" y="461"/>
</points>
</Connector>
<Connector class="oracle.dbtools.crest.swingui.relational.TVFKRelation" oid="D584A7C5-0062-2E3C-9E2E-C534B59BF9D2" otype="FKIndexAssociation" vid_source="9CF732E1-5B1F-AC2E-DD2F-4DFD947C4606" vid_target="D2CDB421-7E0E-EE41-03E1-898CDDDBEFC4">
<hideElementsInCurrentOnly>false</hideElementsInCurrentOnly>
<backgroundColor>-16777216</backgroundColor>
<lineWidth>1</lineWidth>
<points>
<point x="590" y="470"/>
<point x="1031" y="470"/>
</points>
</Connector>
</connectors>
</Diagram>