<?xml version = '1.0' encoding = 'UTF-8'?>
<Entity class="oracle.dbtools.crest.model.design.logical.Entity" directorySegmentName="seg_0" id="1670BF97-329C-2B4D-95B5-E1274B5DC397" name="ORDEN MANTENCION">
<createdBy>macbook</createdBy>
<createdTime>2025-10-09 00:05:24 UTC</createdTime>
<generatorID>EBAFF780-9AD1-B7F3-E963-6AC81DA4865D</generatorID>
<ownerDesignName>Eft_S9_BV_Modelos</ownerDesignName>
<engineerTo>
<item key="B5B80CE0-F4A1-F235-9464-2EF205910B49" value="true"/>
</engineerTo>
<adequatelyNormalized>NO</adequatelyNormalized>
<expectedVolumes>0</expectedVolumes>
<fwdEngineeringStrategyName>Single Table</fwdEngineeringStrategyName>
<growthPercent>0</growthPercent>
<growthType>Year</growthType>
<maxVolumes>9999999</maxVolumes>
<minVolumes>0</minVolumes>
<normalForm>Third</normalForm>
<attributes itemClass="oracle.dbtools.crest.model.design.logical.Attribute">
<Attribute name="ID ORDEN" id="3359223E-45CA-DCF2-A345-D6D058E29826">
<createdBy>macbook</createdBy>
<createdTime>2025-10-09 00:05:24 UTC</createdTime>
<generatorID>5984201B-341D-1A59-2012-09B55E4D9C5C</generatorID>
<ownerDesignName>Eft_S9_BV_Modelos</ownerDesignName>
<engineerTo>
<item key="B5B80CE0-F4A1-F235-9464-2EF205910B49" value="true"/>
</engineerTo>
<useDomainConstraints>false</useDomainConstraints>
<use>1</use>
<logicalDatatype>LOGDT019</logicalDatatype>
<ownDataTypeParameters>,,</ownDataTypeParameters>
</Attribute>
<Attribute name="ID MAQUINA" id="D40B1058-CAB2-BDD7-65A9-756A6C37100A">
<createdBy>macbook</createdBy>
<createdTime>2025-10-09 00:05:24 UTC</createdTime>
<generatorID>06DB6FDF-2794-E599-A667-B270F254995C</generatorID>
<ownerDesignName>Eft_S9_BV_Modelos</ownerDesignName>
<engineerTo>
<item key="B5B80CE0-F4A1-F235-9464-2EF205910B49" value="true"/>
</engineerTo>
<referedAttribute>043B88B4-9378-54E8-A443-A566EE7C7D2B</referedAttribute>
<useDomainConstraints>false</useDomainConstraints>
<use>1</use>
<logicalDatatype>LOGDT019</logicalDatatype>
<ownDataTypeParameters>,,</ownDataTypeParameters>
</Attribute>
<Attribute name="ID TECNICO" id="A0632D40-8BB4-2A57-8AFD-2A262ED23796">
<createdBy>macbook</createdBy>
<createdTime>2025-10-09 00:05:24 UTC</createdTime>
<generatorID>851CE41D-428E-25A4-1F06-30FE6290C5E1</generatorID>
<ownerDesignName>Eft_S9_BV_Modelos</ownerDesignName>
<engineerTo>
<item key="B5B80CE0-F4A1-F235-9464-2EF205910B49" value="true"/>
</engineerTo>
<referedAttribute>B3B7ECE6-0517-D05F-1812-9714268E32F4</referedAttribute>
<useDomainConstraints>false</useDomainConstraints>
<use>1</use>
<logicalDatatype>LOGDT019</logicalDatatype>
<ownDataTypeParameters>,,</ownDataTypeParameters>
</Attribute>
<Attribute name="FECHA PROGRAMADA" id="60584D40-7DB0-CD1D-7ADD-BC4E394E4B0F">
<createdBy>macbook</createdBy>
<createdTime>2025-10-09 00:05:24 UTC</createdTime>
<generatorID>77407FA6-C024-FADC-1110-261CA75B3263</generatorID>
<ownerDesignName>Eft_S9_BV_Modelos</ownerDesignName>
<engineerTo>
<item key="B5B80CE0-F4A1-F235-9464-2EF205910B49" value="true"/>
</engineerTo>
<nullsAllowed>true</nullsAllowed>
<useDomainConstraints>false</useDomainConstraints>
<use>1</use>
<logicalDatatype>LOGDT007</logicalDatatype>
<dataTypeSize>7</dataTypeSize>
<ownDataTypeParameters>7,,</ownDataTypeParameters>
</Attribute>
<Attribute name="FECHA EJECUCION" id="FC90F70F-52A1-A9B4-9808-D6F19B2DA017">
<createdBy>macbook</createdBy>
<createdTime>2025-10-09 00:05:24 UTC</createdTime>
<generatorID>6A3D64E6-9BBB-E3E4-1C2D-8F41F4EE9A81</generatorID>
<ownerDesignName>Eft_S9_BV_Modelos</ownerDesignName>
<engineerTo>
<item key="B5B80CE0-F4A1-F235-9464-2EF205910B49" value="true"/>
</engineerTo>
<nullsAllowed>true</nullsAllowed>
<useDomainConstraints>false</useDomainConstraints>
<use>1</use>
<logicalDatatype>LOGDT007</logicalDatatype>
<dataTypeSize>7</dataTypeSize>
<ownDataTypeParameters>7,,</ownDataTypeParameters>
</Attribute>
<Attribute name="DESCRIPCION" id="17DEEAE6-CFA3-2476-D434-C9BBEDA45CAD">
<createdBy>macbook</createdBy>
<createdTime>2025-10-09 00:05:24 UTC</createdTime>
<generatorID>8AD43582-FC17-3FDD-4A7F-4B163C757BAC</generatorID>
<ownerDesignName>Eft_S9_BV_Modelos</ownerDesignName>
<engineerTo>
<item key="B5B80CE0-F4A1-F235-9464-2EF205910B49" value="true"/>
</engineerTo>
<nullsAllowed>true</nullsAllowed>
<useDomainConstraints>false</useDomainConstraints>
<use>1</use>
<logicalDatatype>LOGDT024</logicalDatatype>
<dataTypeSize>255 BYTE</dataTypeSize>
<ownDataTypeParameters>255 BYTE,,</ownDataTypeParameters>
</Attribute>
</attributes>
<identifiers itemClass="oracle.dbtools.crest.model.design.logical.CandidateKey">
<identifier id="8F51E4D5-9D1A-7426-EF32-A220084CE89F" name="ORDEN MANTENCION PK">
<createdBy>macbook</createdBy>
<createdTime>2025-10-09 00:05:24 UTC</createdTime>
<generatorID>39F1E48A-70F9-BC38-E0EC-739A7300B122</generatorID>
<ownerDesignName>Eft_S9_BV_Modelos</ownerDesignName>
<engineerTo>
<item key="B5B80CE0-F4A1-F235-9464-2EF205910B49" value="true"/>
</engineerTo>
<pk>true</pk>
<usedAttributes>
<attributeRef>3359223E-45CA-DCF2-A345-D6D058E29826</attributeRef>
</usedAttributes>
</identifier>
</identifiers>
</Entity>