<?xml version = '1.0' encoding = 'UTF-8'?>
<Entity class="oracle.dbtools.crest.model.design.logical.Entity" directorySegmentName="seg_0" id="7F1A34CC-1EAF-D537-AC29-32F233D44752" name="COMUNA">
<createdBy>macbook</createdBy>
<createdTime>2025-10-09 00:05:24 UTC</createdTime>
<generatorID>D3EA53B2-CD14-6E10-0B7E-F5AF33001BE9</generatorID>
<ownerDesignName>Eft_S9_BV_Modelos</ownerDesignName>
<engineerTo>
<item key="B5B80CE0-F4A1-F235-9464-2EF205910B49" value="true"/>
</engineerTo>
<adequatelyNormalized>NO</adequatelyNormalized>
<expectedVolumes>0</expectedVolumes>
<fwdEngineeringStrategyName>Single Table</fwdEngineeringStrategyName>
<growthPercent>0</growthPercent>
<growthType>Year</growthType>
<maxVolumes>9999999</maxVolumes>
<minVolumes>0</minVolumes>
<normalForm>Third</normalForm>
<attributes itemClass="oracle.dbtools.crest.model.design.logical.Attribute">
<Attribute name="ID COMUNA" id="7562C628-B216-842C-1ED1-44E3C461D1BD">
<createdBy>macbook</createdBy>
<createdTime>2025-10-09 00:05:24 UTC</createdTime>
<generatorID>9C30C184-D9DA-4F87-F183-E65122882378</generatorID>
<ownerDesignName>Eft_S9_BV_Modelos</ownerDesignName>
<engineerTo>
<item key="B5B80CE0-F4A1-F235-9464-2EF205910B49" value="true"/>
</engineerTo>
<useDomainConstraints>false</useDomainConstraints>
<use>1</use>
<logicalDatatype>LOGDT019</logicalDatatype>
<ownDataTypeParameters>,,</ownDataTypeParameters>
</Attribute>
<Attribute name="NOMBRE" id="2BD23AAA-99BA-FB34-F388-B70346E34259">
<createdBy>macbook</createdBy>
<createdTime>2025-10-09 00:05:24 UTC</createdTime>
<generatorID>8FA050E3-DADC-6188-640B-84D8FF30940E</generatorID>
<ownerDesignName>Eft_S9_BV_Modelos</ownerDesignName>
<engineerTo>
<item key="B5B80CE0-F4A1-F235-9464-2EF205910B49" value="true"/>
</engineerTo>
<useDomainConstraints>false</useDomainConstraints>
<use>1</use>
<logicalDatatype>LOGDT024</logicalDatatype>
<dataTypeSize>50 BYTE</dataTypeSize>
<ownDataTypeParameters>50 BYTE,,</ownDataTypeParameters>
</Attribute>
<Attribute name="ID REGION" id="23A4D79F-A088-8B09-EE28-5896D5EDE466">
<createdBy>macbook</createdBy>
<createdTime>2025-10-09 00:05:24 UTC</createdTime>
<generatorID>C2597C9B-6AC2-4E2C-7E06-A4FA71658748</generatorID>
<ownerDesignName>Eft_S9_BV_Modelos</ownerDesignName>
<engineerTo>
<item key="B5B80CE0-F4A1-F235-9464-2EF205910B49" value="true"/>
</engineerTo>
<referedAttribute>04F26C37-13EC-C003-D22F-0924F823868B</referedAttribute>
<useDomainConstraints>false</useDomainConstraints>
<use>1</use>
<logicalDatatype>LOGDT019</logicalDatatype>
<ownDataTypeParameters>,,</ownDataTypeParameters>
</Attribute>
</attributes>
<identifiers itemClass="oracle.dbtools.crest.model.design.logical.CandidateKey">
<identifier id="6BFCAEB0-88AD-C7D0-D281-D914A0A430FD" name="COMUNA PK">
<createdBy>macbook</createdBy>
<createdTime>2025-10-09 00:05:24 UTC</createdTime>
<generatorID>10D8C4D2-D091-F268-4C70-4EBCE7B92D70</generatorID>
<ownerDesignName>Eft_S9_BV_Modelos</ownerDesignName>
<engineerTo>
<item key="B5B80CE0-F4A1-F235-9464-2EF205910B49" value="true"/>
</engineerTo>
<pk>true</pk>
<usedAttributes>
<attributeRef>7562C628-B216-842C-1ED1-44E3C461D1BD</attributeRef>
</usedAttributes>
</identifier>
</identifiers>
</Entity>