<?xml version = '1.0' encoding = 'UTF-8'?>
<relationalModel class="oracle.dbtools.crest.model.design.relational.RelationalDesign" name="Relational_1" id="B5B80CE0-F4A1-F235-9464-2EF205910B49" mainViewID="370792A0-5C47-7395-61C5-8B6781A9CE1A">
<createdBy>macbook</createdBy>
<createdTime>2025-10-08 23:15:41 UTC</createdTime>
<ownerDesignName>Eft_S9_BV_Modelos</ownerDesignName>
<shouldBeOpen>false</shouldBeOpen>
<selectedRDBMSSite>79C73AAF-E1A7-E669-7DF0-025EE81A2AFC</selectedRDBMSSite>
<importConnectionStamps>
<importConnectionStamp class="oracle.dbtools.crest.imports.DBConnectionStamp">
<connName>Cristaleria_S9</connName>
<connUser>ADMIN</connUser>
<connType>1</connType>
</importConnectionStamp>
</importConnectionStamps>
</relationalModel>