<?xml version = '1.0' encoding = 'UTF-8'?>
<Relation class="oracle.dbtools.crest.model.design.logical.InheritanceRelation" name="Hierarchy_6" directorySegmentName="seg_0" id="94AE6BA1-D65E-D6BB-B925-7C0C61DAB46F">
<createdBy>macbook</createdBy>
<createdTime>2025-08-31 00:29:54 UTC</createdTime>
<ownerDesignName>Exp1_S3_Bastian_Valdivia</ownerDesignName>
<engineerTo>
<item key="B02159A5-A3E1-6530-4CC1-4ED5532DEA21" value="true"/>
</engineerTo>
<identifying>false</identifying>
<nameOnSource>Super Type</nameOnSource>
<nameOnTarget>Sub Type</nameOnTarget>
<optionalSource>true</optionalSource>
<optionalTarget>true</optionalTarget>
<sourceEntity>231D0BC5-0D1C-2D26-9A39-A677CBB3F57C</sourceEntity>
<targetEntity>676F8F59-B96E-03BF-ADE4-0EC113F63502</targetEntity>
<transferable>true</transferable>
<deleteRule>NO ACTION</deleteRule>
</Relation>