<?xml version = '1.0' encoding = 'UTF-8'?>
<Table class="oracle.dbtools.crest.model.design.relational.Table" directorySegmentName="seg_0" id="2DF29975-C9C8-B8CA-70F4-AA7992CB534C" schemaObject="289E58A3-7FC2-0704-9290-C79ED1E5B722" name="EMPLEADO">
<sourceConnName>Cristaleria_S9</sourceConnName>
<sourceObjSchema>ADMIN</sourceObjSchema>
<sourceObjName>EMPLEADO</sourceObjName>
<createdBy>macbook</createdBy>
<createdTime>2025-10-08 23:55:52 UTC</createdTime>
<ownerDesignName>Eft_S9_BV_Modelos</ownerDesignName>
<allowColumnReorder>false</allowColumnReorder>
<existDependencyGenerateInDDl>true</existDependencyGenerateInDDl>
<parsed>true</parsed>
<columns itemClass="oracle.dbtools.crest.model.design.relational.Column">
<Column name="ID_EMPLEADO" id="8AC8D2D9-421F-0B1E-6204-5660A71D0A99">
<sourceConnName>Cristaleria_S9</sourceConnName>
<sourceObjSchema>EMPLEADO</sourceObjSchema>
<sourceObjName>ID_EMPLEADO</sourceObjName>
<createdBy>macbook</createdBy>
<createdTime>2025-10-08 23:55:53 UTC</createdTime>
<ownerDesignName>Eft_S9_BV_Modelos</ownerDesignName>
<useDomainConstraints>false</useDomainConstraints>
<use>1</use>
<logicalDatatype>LOGDT019</logicalDatatype>
<ownDataTypeParameters>,,</ownDataTypeParameters>
<autoIncrementColumn>true</autoIncrementColumn>
<identityColumn>true</identityColumn>
<autoIncrementCycle>false</autoIncrementCycle>
<autoIncrementDisableCache>false</autoIncrementDisableCache>
<autoIncrementCache>20</autoIncrementCache>
<autoIncrementOrder>false</autoIncrementOrder>
</Column>
<Column name="RUT" id="A9BB1651-193D-96B6-FCB7-536F80C82D11">
<sourceConnName>Cristaleria_S9</sourceConnName>
<sourceObjSchema>EMPLEADO</sourceObjSchema>
<sourceObjName>RUT</sourceObjName>
<createdBy>macbook</createdBy>
<createdTime>2025-10-08 23:55:53 UTC</createdTime>
<ownerDesignName>Eft_S9_BV_Modelos</ownerDesignName>
<useDomainConstraints>false</useDomainConstraints>
<use>1</use>
<logicalDatatype>LOGDT024</logicalDatatype>
<dataTypeSize>12 BYTE</dataTypeSize>
<ownDataTypeParameters>12 BYTE,,</ownDataTypeParameters>
<autoIncrementCycle>false</autoIncrementCycle>
</Column>
<Column name="NOMBRES" id="C6F2DB57-AED3-3FA1-5118-E799FBFE5B8F">
<sourceConnName>Cristaleria_S9</sourceConnName>
<sourceObjSchema>EMPLEADO</sourceObjSchema>
<sourceObjName>NOMBRES</sourceObjName>
<createdBy>macbook</createdBy>
<createdTime>2025-10-08 23:55:53 UTC</createdTime>
<ownerDesignName>Eft_S9_BV_Modelos</ownerDesignName>
<useDomainConstraints>false</useDomainConstraints>
<use>1</use>
<logicalDatatype>LOGDT024</logicalDatatype>
<dataTypeSize>80 BYTE</dataTypeSize>
<ownDataTypeParameters>80 BYTE,,</ownDataTypeParameters>
<autoIncrementCycle>false</autoIncrementCycle>
</Column>
<Column name="APELLIDOS" id="CB47E68B-D75F-A030-BDC4-2A5874B66D8E">
<sourceConnName>Cristaleria_S9</sourceConnName>
<sourceObjSchema>EMPLEADO</sourceObjSchema>
<sourceObjName>APELLIDOS</sourceObjName>
<createdBy>macbook</createdBy>
<createdTime>2025-10-08 23:55:53 UTC</createdTime>
<ownerDesignName>Eft_S9_BV_Modelos</ownerDesignName>
<useDomainConstraints>false</useDomainConstraints>
<use>1</use>
<logicalDatatype>LOGDT024</logicalDatatype>
<dataTypeSize>80 BYTE</dataTypeSize>
<ownDataTypeParameters>80 BYTE,,</ownDataTypeParameters>
<autoIncrementCycle>false</autoIncrementCycle>
</Column>
<Column name="FECHA_CONTRATACION" id="C83F7422-0573-2ACA-F4B7-976193E7C770">
<sourceConnName>Cristaleria_S9</sourceConnName>
<sourceObjSchema>EMPLEADO</sourceObjSchema>
<sourceObjName>FECHA_CONTRATACION</sourceObjName>
<createdBy>macbook</createdBy>
<createdTime>2025-10-08 23:55:53 UTC</createdTime>
<ownerDesignName>Eft_S9_BV_Modelos</ownerDesignName>
<nullsAllowed>true</nullsAllowed>
<useDomainConstraints>false</useDomainConstraints>
<use>1</use>
<logicalDatatype>LOGDT007</logicalDatatype>
<dataTypeSize>7</dataTypeSize>
<ownDataTypeParameters>7,,</ownDataTypeParameters>
<autoIncrementCycle>false</autoIncrementCycle>
</Column>
<Column name="SUELDO_BASE" id="E6A9ADED-F04B-B5B1-43AF-763BBD4DA4DF">
<sourceConnName>Cristaleria_S9</sourceConnName>
<sourceObjSchema>EMPLEADO</sourceObjSchema>
<sourceObjName>SUELDO_BASE</sourceObjName>
<createdBy>macbook</createdBy>
<createdTime>2025-10-08 23:55:53 UTC</createdTime>
<ownerDesignName>Eft_S9_BV_Modelos</ownerDesignName>
<nullsAllowed>true</nullsAllowed>
<useDomainConstraints>false</useDomainConstraints>
<use>1</use>
<logicalDatatype>LOGDT019</logicalDatatype>
<dataTypePrecision>10</dataTypePrecision>
<dataTypeScale>2</dataTypeScale>
<ownDataTypeParameters>,10,2</ownDataTypeParameters>
<autoIncrementCycle>false</autoIncrementCycle>
</Column>
<Column name="ESTADO_ACTIVO" id="508EC35E-368D-38DE-2AD9-A52136917B78">
<sourceConnName>Cristaleria_S9</sourceConnName>
<sourceObjSchema>EMPLEADO</sourceObjSchema>
<sourceObjName>ESTADO_ACTIVO</sourceObjName>
<createdBy>macbook</createdBy>
<createdTime>2025-10-08 23:55:53 UTC</createdTime>
<ownerDesignName>Eft_S9_BV_Modelos</ownerDesignName>
<constraintName>SYS_C0023858</constraintName>
<nullsAllowed>true</nullsAllowed>
<useDomainConstraints>false</useDomainConstraints>
<use>1</use>
<logicalDatatype>LOGDT025</logicalDatatype>
<dataTypeSize>1 BYTE</dataTypeSize>
<listOfValues>
<valueDef value="&apos;N&apos;" description=""/>
<valueDef value="&apos;S&apos;" description=""/>
</listOfValues>
<ownDataTypeParameters>1 BYTE,,</ownDataTypeParameters>
<autoIncrementCycle>false</autoIncrementCycle>
</Column>
<Column name="ID_PLANTA" id="F7126821-5184-E3FB-B5B8-E973D3546E6F">
<sourceConnName>Cristaleria_S9</sourceConnName>
<sourceObjSchema>EMPLEADO</sourceObjSchema>
<sourceObjName>ID_PLANTA</sourceObjName>
<createdBy>macbook</createdBy>
<createdTime>2025-10-08 23:55:53 UTC</createdTime>
<ownerDesignName>Eft_S9_BV_Modelos</ownerDesignName>
<useDomainConstraints>false</useDomainConstraints>
<use>1</use>
<logicalDatatype>LOGDT019</logicalDatatype>
<ownDataTypeParameters>,,</ownDataTypeParameters>
<autoIncrementCycle>false</autoIncrementCycle>
<associations>
<colAssociation fkAssociation="D584A7C5-0062-2E3C-9E2E-C534B59BF9D2" referredColumn="6944E7F7-9E78-6938-6AFA-C902DBAAD26C"/>
</associations>
</Column>
<Column name="AFP" id="7EC4BDA2-E5C1-7073-7B03-B6F327F1E2FA">
<sourceConnName>Cristaleria_S9</sourceConnName>
<sourceObjSchema>EMPLEADO</sourceObjSchema>
<sourceObjName>AFP</sourceObjName>
<createdBy>macbook</createdBy>
<createdTime>2025-10-08 23:55:53 UTC</createdTime>
<ownerDesignName>Eft_S9_BV_Modelos</ownerDesignName>
<nullsAllowed>true</nullsAllowed>
<useDomainConstraints>false</useDomainConstraints>
<use>1</use>
<logicalDatatype>LOGDT024</logicalDatatype>
<dataTypeSize>50 BYTE</dataTypeSize>
<ownDataTypeParameters>50 BYTE,,</ownDataTypeParameters>
<autoIncrementCycle>false</autoIncrementCycle>
</Column>
<Column name="SALUD" id="3AF47406-8E94-E0B8-BD10-4711A96A87B6">
<sourceConnName>Cristaleria_S9</sourceConnName>
<sourceObjSchema>EMPLEADO</sourceObjSchema>
<sourceObjName>SALUD</sourceObjName>
<createdBy>macbook</createdBy>
<createdTime>2025-10-08 23:55:53 UTC</createdTime>
<ownerDesignName>Eft_S9_BV_Modelos</ownerDesignName>
<nullsAllowed>true</nullsAllowed>
<useDomainConstraints>false</useDomainConstraints>
<use>1</use>
<logicalDatatype>LOGDT024</logicalDatatype>
<dataTypeSize>50 BYTE</dataTypeSize>
<ownDataTypeParameters>50 BYTE,,</ownDataTypeParameters>
<autoIncrementCycle>false</autoIncrementCycle>
</Column>
<Column name="ID_JEFE" id="55628318-89BF-BA3D-19EA-B2BFF7CBF213">
<sourceConnName>Cristaleria_S9</sourceConnName>
<sourceObjSchema>EMPLEADO</sourceObjSchema>
<sourceObjName>ID_JEFE</sourceObjName>
<createdBy>macbook</createdBy>
<createdTime>2025-10-08 23:55:53 UTC</createdTime>
<ownerDesignName>Eft_S9_BV_Modelos</ownerDesignName>
<nullsAllowed>true</nullsAllowed>
<useDomainConstraints>false</useDomainConstraints>
<use>1</use>
<logicalDatatype>LOGDT019</logicalDatatype>
<ownDataTypeParameters>,,</ownDataTypeParameters>
<autoIncrementCycle>false</autoIncrementCycle>
<associations>
<colAssociation fkAssociation="38C4EBF6-AEC1-4433-3787-781C5050498C" referredColumn="8AC8D2D9-421F-0B1E-6204-5660A71D0A99"/>
</associations>
</Column>
</columns>
<indexes itemClass="oracle.dbtools.crest.model.design.relational.Index">
<ind_PK_UK id="275A79C0-EE6B-E6DE-65B2-53E87B0D26CD" schemaObject="289E58A3-7FC2-0704-9290-C79ED1E5B722" name="EMPLEADO_PK">
<sourceConnName>Cristaleria_S9</sourceConnName>
<sourceObjSchema>ADMIN</sourceObjSchema>
<sourceObjName>SYS_C0023859</sourceObjName>
<createdBy>macbook</createdBy>
<createdTime>2025-10-08 23:55:55 UTC</createdTime>
<ownerDesignName>Eft_S9_BV_Modelos</ownerDesignName>
<pk>true</pk>
<indexState>Primary Constraint</indexState>
<isSurrogateKey>false</isSurrogateKey>
<indexColumnUsage>
<colUsage columnID="8AC8D2D9-421F-0B1E-6204-5660A71D0A99"/>
</indexColumnUsage>
</ind_PK_UK>
<ind_PK_UK id="D55288D0-1ADE-C0C9-8862-C4F5B18324E9" schemaObject="289E58A3-7FC2-0704-9290-C79ED1E5B722" name="EMPLEADO_RUT_UN">
<sourceConnName>Cristaleria_S9</sourceConnName>
<sourceObjSchema>ADMIN</sourceObjSchema>
<sourceObjName>SYS_C0023860</sourceObjName>
<createdBy>macbook</createdBy>
<createdTime>2025-10-08 23:55:55 UTC</createdTime>
<ownerDesignName>Eft_S9_BV_Modelos</ownerDesignName>
<indexState>Unique Constraint</indexState>
<isSurrogateKey>false</isSurrogateKey>
<indexColumnUsage>
<colUsage columnID="A9BB1651-193D-96B6-FCB7-536F80C82D11"/>
</indexColumnUsage>
</ind_PK_UK>
<ind_PK_UK id="B9236D91-2AFF-B7D6-7330-ECF10C59761F" name="FK_EMPLEADO_JEFE">
<createdBy>macbook</createdBy>
<createdTime>2025-10-08 23:56:02 UTC</createdTime>
<ownerDesignName>Eft_S9_BV_Modelos</ownerDesignName>
<indexState>Foreign Key</indexState>
<isSurrogateKey>false</isSurrogateKey>
<indexColumnUsage>
<colUsage columnID="55628318-89BF-BA3D-19EA-B2BFF7CBF213"/>
</indexColumnUsage>
</ind_PK_UK>
<ind_PK_UK id="66F48327-ADD4-7564-27D4-7CF3A2BF05EE" name="FK_EMPLEADO_PLANTA">
<createdBy>macbook</createdBy>
<createdTime>2025-10-08 23:56:02 UTC</createdTime>
<ownerDesignName>Eft_S9_BV_Modelos</ownerDesignName>
<indexState>Foreign Key</indexState>
<isSurrogateKey>false</isSurrogateKey>
<indexColumnUsage>
<colUsage columnID="F7126821-5184-E3FB-B5B8-E973D3546E6F"/>
</indexColumnUsage>
</ind_PK_UK>
</indexes>
</Table>