<?xml version = '1.0' encoding = 'UTF-8'?>
<Table class="oracle.dbtools.crest.model.design.relational.Table" directorySegmentName="seg_0" id="2EA380E6-CF45-339B-8863-85049A1A03A7" schemaObject="289E58A3-7FC2-0704-9290-C79ED1E5B722" name="TIPO_MAQUINA">
<sourceConnName>Cristaleria_S9</sourceConnName>
<sourceObjSchema>ADMIN</sourceObjSchema>
<sourceObjName>TIPO_MAQUINA</sourceObjName>
<createdBy>macbook</createdBy>
<createdTime>2025-10-08 23:55:52 UTC</createdTime>
<ownerDesignName>Eft_S9_BV_Modelos</ownerDesignName>
<allowColumnReorder>false</allowColumnReorder>
<existDependencyGenerateInDDl>true</existDependencyGenerateInDDl>
<parsed>true</parsed>
<columns itemClass="oracle.dbtools.crest.model.design.relational.Column">
<Column name="ID_TIPO_MAQUINA" id="A58CF702-BDF4-4B2A-325B-672B931E01D0">
<sourceConnName>Cristaleria_S9</sourceConnName>
<sourceObjSchema>TIPO_MAQUINA</sourceObjSchema>
<sourceObjName>ID_TIPO_MAQUINA</sourceObjName>
<createdBy>macbook</createdBy>
<createdTime>2025-10-08 23:55:53 UTC</createdTime>
<ownerDesignName>Eft_S9_BV_Modelos</ownerDesignName>
<useDomainConstraints>false</useDomainConstraints>
<use>1</use>
<logicalDatatype>LOGDT019</logicalDatatype>
<ownDataTypeParameters>,,</ownDataTypeParameters>
<autoIncrementColumn>true</autoIncrementColumn>
<identityColumn>true</identityColumn>
<autoIncrementCycle>false</autoIncrementCycle>
<autoIncrementDisableCache>false</autoIncrementDisableCache>
<autoIncrementCache>20</autoIncrementCache>
<autoIncrementOrder>false</autoIncrementOrder>
</Column>
<Column name="NOMBRE" id="56D091B1-24DC-5949-1558-A9C5B8E27969">
<sourceConnName>Cristaleria_S9</sourceConnName>
<sourceObjSchema>TIPO_MAQUINA</sourceObjSchema>
<sourceObjName>NOMBRE</sourceObjName>
<createdBy>macbook</createdBy>
<createdTime>2025-10-08 23:55:53 UTC</createdTime>
<ownerDesignName>Eft_S9_BV_Modelos</ownerDesignName>
<useDomainConstraints>false</useDomainConstraints>
<use>1</use>
<logicalDatatype>LOGDT024</logicalDatatype>
<dataTypeSize>50 BYTE</dataTypeSize>
<ownDataTypeParameters>50 BYTE,,</ownDataTypeParameters>
<autoIncrementCycle>false</autoIncrementCycle>
</Column>
</columns>
<indexes itemClass="oracle.dbtools.crest.model.design.relational.Index">
<ind_PK_UK id="1F7A8200-11A8-EC93-FB38-BEF75A21555E" schemaObject="289E58A3-7FC2-0704-9290-C79ED1E5B722" name="TIPO_MAQUINA_PK">
<sourceConnName>Cristaleria_S9</sourceConnName>
<sourceObjSchema>ADMIN</sourceObjSchema>
<sourceObjName>SYS_C0023865</sourceObjName>
<createdBy>macbook</createdBy>
<createdTime>2025-10-08 23:55:56 UTC</createdTime>
<ownerDesignName>Eft_S9_BV_Modelos</ownerDesignName>
<pk>true</pk>
<indexState>Primary Constraint</indexState>
<isSurrogateKey>false</isSurrogateKey>
<indexColumnUsage>
<colUsage columnID="A58CF702-BDF4-4B2A-325B-672B931E01D0"/>
</indexColumnUsage>
</ind_PK_UK>
</indexes>
</Table>