<?xml version = '1.0' encoding = 'UTF-8'?>
<Table class="oracle.dbtools.crest.model.design.relational.Table" directorySegmentName="seg_0" id="573BE148-FD93-D1B8-F980-F67B8B8F1B77" schemaObject="289E58A3-7FC2-0704-9290-C79ED1E5B722" name="ASIGNACION_TURNO">
<sourceConnName>Cristaleria_S9</sourceConnName>
<sourceObjSchema>ADMIN</sourceObjSchema>
<sourceObjName>ASIGNACION_TURNO</sourceObjName>
<createdBy>macbook</createdBy>
<createdTime>2025-10-08 23:55:52 UTC</createdTime>
<ownerDesignName>Eft_S9_BV_Modelos</ownerDesignName>
<allowColumnReorder>false</allowColumnReorder>
<existDependencyGenerateInDDl>true</existDependencyGenerateInDDl>
<parsed>true</parsed>
<columns itemClass="oracle.dbtools.crest.model.design.relational.Column">
<Column name="ID_ASIGNACION" id="17FAEBC8-34EF-87A1-A190-EB26FFFAF0F6">
<sourceConnName>Cristaleria_S9</sourceConnName>
<sourceObjSchema>ASIGNACION_TURNO</sourceObjSchema>
<sourceObjName>ID_ASIGNACION</sourceObjName>
<createdBy>macbook</createdBy>
<createdTime>2025-10-08 23:55:53 UTC</createdTime>
<ownerDesignName>Eft_S9_BV_Modelos</ownerDesignName>
<useDomainConstraints>false</useDomainConstraints>
<use>1</use>
<logicalDatatype>LOGDT019</logicalDatatype>
<ownDataTypeParameters>,,</ownDataTypeParameters>
<autoIncrementColumn>true</autoIncrementColumn>
<identityColumn>true</identityColumn>
<autoIncrementCycle>false</autoIncrementCycle>
<autoIncrementDisableCache>false</autoIncrementDisableCache>
<autoIncrementCache>20</autoIncrementCache>
<autoIncrementOrder>false</autoIncrementOrder>
</Column>
<Column name="FECHA" id="EB4C878A-0EE7-11FF-C964-590A4425EA14">
<sourceConnName>Cristaleria_S9</sourceConnName>
<sourceObjSchema>ASIGNACION_TURNO</sourceObjSchema>
<sourceObjName>FECHA</sourceObjName>
<createdBy>macbook</createdBy>
<createdTime>2025-10-08 23:55:53 UTC</createdTime>
<ownerDesignName>Eft_S9_BV_Modelos</ownerDesignName>
<nullsAllowed>true</nullsAllowed>
<useDomainConstraints>false</useDomainConstraints>
<use>1</use>
<logicalDatatype>LOGDT007</logicalDatatype>
<dataTypeSize>7</dataTypeSize>
<ownDataTypeParameters>7,,</ownDataTypeParameters>
<autoIncrementCycle>false</autoIncrementCycle>
</Column>
<Column name="ID_EMPLEADO" id="7B8C986A-7FED-A6F5-2A30-17B9BD45163B">
<sourceConnName>Cristaleria_S9</sourceConnName>
<sourceObjSchema>ASIGNACION_TURNO</sourceObjSchema>
<sourceObjName>ID_EMPLEADO</sourceObjName>
<createdBy>macbook</createdBy>
<createdTime>2025-10-08 23:55:53 UTC</createdTime>
<ownerDesignName>Eft_S9_BV_Modelos</ownerDesignName>
<useDomainConstraints>false</useDomainConstraints>
<use>1</use>
<logicalDatatype>LOGDT019</logicalDatatype>
<ownDataTypeParameters>,,</ownDataTypeParameters>
<autoIncrementCycle>false</autoIncrementCycle>
<associations>
<colAssociation fkAssociation="0E7BC178-944C-A995-7DD8-F09A394C60A9" referredColumn="8AC8D2D9-421F-0B1E-6204-5660A71D0A99"/>
</associations>
</Column>
<Column name="ID_TURNO" id="6280E530-81DD-961A-D059-AAED8A64B417">
<sourceConnName>Cristaleria_S9</sourceConnName>
<sourceObjSchema>ASIGNACION_TURNO</sourceObjSchema>
<sourceObjName>ID_TURNO</sourceObjName>
<createdBy>macbook</createdBy>
<createdTime>2025-10-08 23:55:53 UTC</createdTime>
<ownerDesignName>Eft_S9_BV_Modelos</ownerDesignName>
<useDomainConstraints>false</useDomainConstraints>
<use>1</use>
<logicalDatatype>LOGDT019</logicalDatatype>
<ownDataTypeParameters>,,</ownDataTypeParameters>
<autoIncrementCycle>false</autoIncrementCycle>
<associations>
<colAssociation fkAssociation="76E2D3DE-0AD7-8D2B-D3CF-915EB21DF0A2" referredColumn="16F79E82-B10F-4ED4-F479-F2481CBC2410"/>
</associations>
</Column>
<Column name="ID_MAQUINA" id="7F44DBBC-6341-AA1C-C555-BB4F00C48849">
<sourceConnName>Cristaleria_S9</sourceConnName>
<sourceObjSchema>ASIGNACION_TURNO</sourceObjSchema>
<sourceObjName>ID_MAQUINA</sourceObjName>
<createdBy>macbook</createdBy>
<createdTime>2025-10-08 23:55:53 UTC</createdTime>
<ownerDesignName>Eft_S9_BV_Modelos</ownerDesignName>
<nullsAllowed>true</nullsAllowed>
<useDomainConstraints>false</useDomainConstraints>
<use>1</use>
<logicalDatatype>LOGDT019</logicalDatatype>
<ownDataTypeParameters>,,</ownDataTypeParameters>
<autoIncrementCycle>false</autoIncrementCycle>
<associations>
<colAssociation fkAssociation="A973194C-95D2-BCAF-7AAE-B9C4C7EFF841" referredColumn="9FF0AA50-5E24-0F9C-0347-1D999306EF92"/>
</associations>
</Column>
<Column name="ROL" id="F4EC5659-6A76-22A5-A791-84123E9F4D42">
<sourceConnName>Cristaleria_S9</sourceConnName>
<sourceObjSchema>ASIGNACION_TURNO</sourceObjSchema>
<sourceObjName>ROL</sourceObjName>
<createdBy>macbook</createdBy>
<createdTime>2025-10-08 23:55:53 UTC</createdTime>
<ownerDesignName>Eft_S9_BV_Modelos</ownerDesignName>
<nullsAllowed>true</nullsAllowed>
<useDomainConstraints>false</useDomainConstraints>
<use>1</use>
<logicalDatatype>LOGDT024</logicalDatatype>
<dataTypeSize>50 BYTE</dataTypeSize>
<ownDataTypeParameters>50 BYTE,,</ownDataTypeParameters>
<autoIncrementCycle>false</autoIncrementCycle>
</Column>
</columns>
<indexes itemClass="oracle.dbtools.crest.model.design.relational.Index">
<ind_PK_UK id="4E83389A-CFC0-ACD2-083D-A0263E34C7B2" schemaObject="289E58A3-7FC2-0704-9290-C79ED1E5B722" name="ASIGNACION_TURNO_PK">
<sourceConnName>Cristaleria_S9</sourceConnName>
<sourceObjSchema>ADMIN</sourceObjSchema>
<sourceObjName>SYS_C0023886</sourceObjName>
<createdBy>macbook</createdBy>
<createdTime>2025-10-08 23:55:55 UTC</createdTime>
<ownerDesignName>Eft_S9_BV_Modelos</ownerDesignName>
<pk>true</pk>
<indexState>Primary Constraint</indexState>
<isSurrogateKey>false</isSurrogateKey>
<indexColumnUsage>
<colUsage columnID="17FAEBC8-34EF-87A1-A190-EB26FFFAF0F6"/>
</indexColumnUsage>
</ind_PK_UK>
<ind_PK_UK id="5955DFCF-D78C-08B1-97D0-ABAE45D46515" name="FK_ASIG_EMPLEADO">
<createdBy>macbook</createdBy>
<createdTime>2025-10-08 23:56:02 UTC</createdTime>
<ownerDesignName>Eft_S9_BV_Modelos</ownerDesignName>
<indexState>Foreign Key</indexState>
<isSurrogateKey>false</isSurrogateKey>
<indexColumnUsage>
<colUsage columnID="7B8C986A-7FED-A6F5-2A30-17B9BD45163B"/>
</indexColumnUsage>
</ind_PK_UK>
<ind_PK_UK id="BC4A9ACE-6866-8CD4-E000-4DC79D5336CD" name="FK_ASIG_MAQUINA">
<createdBy>macbook</createdBy>
<createdTime>2025-10-08 23:56:02 UTC</createdTime>
<ownerDesignName>Eft_S9_BV_Modelos</ownerDesignName>
<indexState>Foreign Key</indexState>
<isSurrogateKey>false</isSurrogateKey>
<indexColumnUsage>
<colUsage columnID="7F44DBBC-6341-AA1C-C555-BB4F00C48849"/>
</indexColumnUsage>
</ind_PK_UK>
<ind_PK_UK id="AD3C4FAD-1C00-590E-BFEA-ED9306CACD82" name="FK_ASIG_TURNO">
<createdBy>macbook</createdBy>
<createdTime>2025-10-08 23:56:02 UTC</createdTime>
<ownerDesignName>Eft_S9_BV_Modelos</ownerDesignName>
<indexState>Foreign Key</indexState>
<isSurrogateKey>false</isSurrogateKey>
<indexColumnUsage>
<colUsage columnID="6280E530-81DD-961A-D059-AAED8A64B417"/>
</indexColumnUsage>
</ind_PK_UK>
</indexes>
</Table>