<?xml version = '1.0' encoding = 'UTF-8'?>
<Table class="oracle.dbtools.crest.model.design.relational.Table" directorySegmentName="seg_0" id="8E170CB0-3727-E7AB-F2FC-9C9AEC350A4E" schemaObject="289E58A3-7FC2-0704-9290-C79ED1E5B722" name="TURNO">
<sourceConnName>Cristaleria_S9</sourceConnName>
<sourceObjSchema>ADMIN</sourceObjSchema>
<sourceObjName>TURNO</sourceObjName>
<createdBy>macbook</createdBy>
<createdTime>2025-10-08 23:55:52 UTC</createdTime>
<ownerDesignName>Eft_S9_BV_Modelos</ownerDesignName>
<allowColumnReorder>false</allowColumnReorder>
<existDependencyGenerateInDDl>true</existDependencyGenerateInDDl>
<parsed>true</parsed>
<columns itemClass="oracle.dbtools.crest.model.design.relational.Column">
<Column name="ID_TURNO" id="16F79E82-B10F-4ED4-F479-F2481CBC2410">
<sourceConnName>Cristaleria_S9</sourceConnName>
<sourceObjSchema>TURNO</sourceObjSchema>
<sourceObjName>ID_TURNO</sourceObjName>
<createdBy>macbook</createdBy>
<createdTime>2025-10-08 23:55:53 UTC</createdTime>
<ownerDesignName>Eft_S9_BV_Modelos</ownerDesignName>
<useDomainConstraints>false</useDomainConstraints>
<use>1</use>
<logicalDatatype>LOGDT019</logicalDatatype>
<ownDataTypeParameters>,,</ownDataTypeParameters>
<autoIncrementColumn>true</autoIncrementColumn>
<identityColumn>true</identityColumn>
<autoIncrementCycle>false</autoIncrementCycle>
<autoIncrementDisableCache>false</autoIncrementDisableCache>
<autoIncrementCache>20</autoIncrementCache>
<autoIncrementOrder>false</autoIncrementOrder>
</Column>
<Column name="NOMBRE" id="58DCFE5A-A369-9B97-2653-6520EBC9D16A">
<sourceConnName>Cristaleria_S9</sourceConnName>
<sourceObjSchema>TURNO</sourceObjSchema>
<sourceObjName>NOMBRE</sourceObjName>
<createdBy>macbook</createdBy>
<createdTime>2025-10-08 23:55:53 UTC</createdTime>
<ownerDesignName>Eft_S9_BV_Modelos</ownerDesignName>
<useDomainConstraints>false</useDomainConstraints>
<use>1</use>
<logicalDatatype>LOGDT024</logicalDatatype>
<dataTypeSize>50 BYTE</dataTypeSize>
<ownDataTypeParameters>50 BYTE,,</ownDataTypeParameters>
<autoIncrementCycle>false</autoIncrementCycle>
</Column>
<Column name="HORA_INICIO" id="6E3EE0CB-A7C2-359C-44F6-A1E9A407EBB0">
<sourceConnName>Cristaleria_S9</sourceConnName>
<sourceObjSchema>TURNO</sourceObjSchema>
<sourceObjName>HORA_INICIO</sourceObjName>
<createdBy>macbook</createdBy>
<createdTime>2025-10-08 23:55:53 UTC</createdTime>
<ownerDesignName>Eft_S9_BV_Modelos</ownerDesignName>
<nullsAllowed>true</nullsAllowed>
<useDomainConstraints>false</useDomainConstraints>
<use>1</use>
<logicalDatatype>LOGDT024</logicalDatatype>
<dataTypeSize>5 BYTE</dataTypeSize>
<ownDataTypeParameters>5 BYTE,,</ownDataTypeParameters>
<autoIncrementCycle>false</autoIncrementCycle>
</Column>
<Column name="HORA_FIN" id="8EC003DD-379A-F650-F189-861625B0EB7C">
<sourceConnName>Cristaleria_S9</sourceConnName>
<sourceObjSchema>TURNO</sourceObjSchema>
<sourceObjName>HORA_FIN</sourceObjName>
<createdBy>macbook</createdBy>
<createdTime>2025-10-08 23:55:53 UTC</createdTime>
<ownerDesignName>Eft_S9_BV_Modelos</ownerDesignName>
<nullsAllowed>true</nullsAllowed>
<useDomainConstraints>false</useDomainConstraints>
<use>1</use>
<logicalDatatype>LOGDT024</logicalDatatype>
<dataTypeSize>5 BYTE</dataTypeSize>
<ownDataTypeParameters>5 BYTE,,</ownDataTypeParameters>
<autoIncrementCycle>false</autoIncrementCycle>
</Column>
</columns>
<indexes itemClass="oracle.dbtools.crest.model.design.relational.Index">
<ind_PK_UK id="5350DD5A-63A9-01FB-29F3-88A293296BE5" schemaObject="289E58A3-7FC2-0704-9290-C79ED1E5B722" name="TURNO_PK">
<sourceConnName>Cristaleria_S9</sourceConnName>
<sourceObjSchema>ADMIN</sourceObjSchema>
<sourceObjName>SYS_C0023876</sourceObjName>
<createdBy>macbook</createdBy>
<createdTime>2025-10-08 23:55:56 UTC</createdTime>
<ownerDesignName>Eft_S9_BV_Modelos</ownerDesignName>
<pk>true</pk>
<indexState>Primary Constraint</indexState>
<isSurrogateKey>false</isSurrogateKey>
<indexColumnUsage>
<colUsage columnID="16F79E82-B10F-4ED4-F479-F2481CBC2410"/>
</indexColumnUsage>
</ind_PK_UK>
</indexes>
</Table>