<?xml version = '1.0' encoding = 'UTF-8'?>
<Table class="oracle.dbtools.crest.model.design.relational.Table" directorySegmentName="seg_0" id="B2FE2F33-A004-778D-2E68-78F73AE03CC5" schemaObject="289E58A3-7FC2-0704-9290-C79ED1E5B722" name="MAQUINA">
<sourceConnName>Cristaleria_S9</sourceConnName>
<sourceObjSchema>ADMIN</sourceObjSchema>
<sourceObjName>MAQUINA</sourceObjName>
<createdBy>macbook</createdBy>
<createdTime>2025-10-08 23:55:52 UTC</createdTime>
<ownerDesignName>Eft_S9_BV_Modelos</ownerDesignName>
<allowColumnReorder>false</allowColumnReorder>
<existDependencyGenerateInDDl>true</existDependencyGenerateInDDl>
<parsed>true</parsed>
<columns itemClass="oracle.dbtools.crest.model.design.relational.Column">
<Column name="ID_MAQUINA" id="9FF0AA50-5E24-0F9C-0347-1D999306EF92">
<sourceConnName>Cristaleria_S9</sourceConnName>
<sourceObjSchema>MAQUINA</sourceObjSchema>
<sourceObjName>ID_MAQUINA</sourceObjName>
<createdBy>macbook</createdBy>
<createdTime>2025-10-08 23:55:53 UTC</createdTime>
<ownerDesignName>Eft_S9_BV_Modelos</ownerDesignName>
<useDomainConstraints>false</useDomainConstraints>
<use>1</use>
<logicalDatatype>LOGDT019</logicalDatatype>
<ownDataTypeParameters>,,</ownDataTypeParameters>
<autoIncrementColumn>true</autoIncrementColumn>
<identityColumn>true</identityColumn>
<autoIncrementCycle>false</autoIncrementCycle>
<autoIncrementDisableCache>false</autoIncrementDisableCache>
<autoIncrementCache>20</autoIncrementCache>
<autoIncrementOrder>false</autoIncrementOrder>
</Column>
<Column name="NUMERO_MAQUINA" id="CA81CFD3-4976-05EC-C66C-520D492F221A">
<sourceConnName>Cristaleria_S9</sourceConnName>
<sourceObjSchema>MAQUINA</sourceObjSchema>
<sourceObjName>NUMERO_MAQUINA</sourceObjName>
<createdBy>macbook</createdBy>
<createdTime>2025-10-08 23:55:53 UTC</createdTime>
<ownerDesignName>Eft_S9_BV_Modelos</ownerDesignName>
<useDomainConstraints>false</useDomainConstraints>
<use>1</use>
<logicalDatatype>LOGDT024</logicalDatatype>
<dataTypeSize>20 BYTE</dataTypeSize>
<ownDataTypeParameters>20 BYTE,,</ownDataTypeParameters>
<autoIncrementCycle>false</autoIncrementCycle>
</Column>
<Column name="NOMBRE" id="CA30DD21-2F1D-BD68-B304-9514554B6F3A">
<sourceConnName>Cristaleria_S9</sourceConnName>
<sourceObjSchema>MAQUINA</sourceObjSchema>
<sourceObjName>NOMBRE</sourceObjName>
<createdBy>macbook</createdBy>
<createdTime>2025-10-08 23:55:53 UTC</createdTime>
<ownerDesignName>Eft_S9_BV_Modelos</ownerDesignName>
<nullsAllowed>true</nullsAllowed>
<useDomainConstraints>false</useDomainConstraints>
<use>1</use>
<logicalDatatype>LOGDT024</logicalDatatype>
<dataTypeSize>80 BYTE</dataTypeSize>
<ownDataTypeParameters>80 BYTE,,</ownDataTypeParameters>
<autoIncrementCycle>false</autoIncrementCycle>
</Column>
<Column name="ESTADO_ACTIVO" id="F55039A4-28C9-9C98-7187-9A57F30F606F">
<sourceConnName>Cristaleria_S9</sourceConnName>
<sourceObjSchema>MAQUINA</sourceObjSchema>
<sourceObjName>ESTADO_ACTIVO</sourceObjName>
<createdBy>macbook</createdBy>
<createdTime>2025-10-08 23:55:53 UTC</createdTime>
<ownerDesignName>Eft_S9_BV_Modelos</ownerDesignName>
<constraintName>SYS_C0023870</constraintName>
<nullsAllowed>true</nullsAllowed>
<useDomainConstraints>false</useDomainConstraints>
<use>1</use>
<logicalDatatype>LOGDT025</logicalDatatype>
<dataTypeSize>1 BYTE</dataTypeSize>
<listOfValues>
<valueDef value="&apos;N&apos;" description=""/>
<valueDef value="&apos;S&apos;" description=""/>
</listOfValues>
<ownDataTypeParameters>1 BYTE,,</ownDataTypeParameters>
<autoIncrementCycle>false</autoIncrementCycle>
</Column>
<Column name="ID_PLANTA" id="B8262DA5-4976-CCA2-282F-48029124363E">
<sourceConnName>Cristaleria_S9</sourceConnName>
<sourceObjSchema>MAQUINA</sourceObjSchema>
<sourceObjName>ID_PLANTA</sourceObjName>
<createdBy>macbook</createdBy>
<createdTime>2025-10-08 23:55:53 UTC</createdTime>
<ownerDesignName>Eft_S9_BV_Modelos</ownerDesignName>
<useDomainConstraints>false</useDomainConstraints>
<use>1</use>
<logicalDatatype>LOGDT019</logicalDatatype>
<ownDataTypeParameters>,,</ownDataTypeParameters>
<autoIncrementCycle>false</autoIncrementCycle>
<associations>
<colAssociation fkAssociation="00B05011-271C-B0D5-4EF0-70110849FEFA" referredColumn="6944E7F7-9E78-6938-6AFA-C902DBAAD26C"/>
</associations>
</Column>
<Column name="ID_TIPO_MAQUINA" id="D827EE0F-5781-DB88-0DB7-FEDF9CC18C34">
<sourceConnName>Cristaleria_S9</sourceConnName>
<sourceObjSchema>MAQUINA</sourceObjSchema>
<sourceObjName>ID_TIPO_MAQUINA</sourceObjName>
<createdBy>macbook</createdBy>
<createdTime>2025-10-08 23:55:53 UTC</createdTime>
<ownerDesignName>Eft_S9_BV_Modelos</ownerDesignName>
<useDomainConstraints>false</useDomainConstraints>
<use>1</use>
<logicalDatatype>LOGDT019</logicalDatatype>
<ownDataTypeParameters>,,</ownDataTypeParameters>
<autoIncrementCycle>false</autoIncrementCycle>
<associations>
<colAssociation fkAssociation="A0E281AA-F391-6245-AA86-BEB8F9B875C9" referredColumn="A58CF702-BDF4-4B2A-325B-672B931E01D0"/>
</associations>
</Column>
</columns>
<indexes itemClass="oracle.dbtools.crest.model.design.relational.Index">
<ind_PK_UK id="D702B94E-AE91-3369-7DCE-08D0A3D8EC21" schemaObject="289E58A3-7FC2-0704-9290-C79ED1E5B722" name="MAQUINA_PK">
<sourceConnName>Cristaleria_S9</sourceConnName>
<sourceObjSchema>ADMIN</sourceObjSchema>
<sourceObjName>SYS_C0023871</sourceObjName>
<createdBy>macbook</createdBy>
<createdTime>2025-10-08 23:55:55 UTC</createdTime>
<ownerDesignName>Eft_S9_BV_Modelos</ownerDesignName>
<pk>true</pk>
<indexState>Primary Constraint</indexState>
<isSurrogateKey>false</isSurrogateKey>
<indexColumnUsage>
<colUsage columnID="9FF0AA50-5E24-0F9C-0347-1D999306EF92"/>
</indexColumnUsage>
</ind_PK_UK>
<ind_PK_UK id="0055DB64-01E1-FB43-1B17-830E4415E0A3" name="FK_MAQUINA_PLANTA">
<createdBy>macbook</createdBy>
<createdTime>2025-10-08 23:56:02 UTC</createdTime>
<ownerDesignName>Eft_S9_BV_Modelos</ownerDesignName>
<indexState>Foreign Key</indexState>
<isSurrogateKey>false</isSurrogateKey>
<indexColumnUsage>
<colUsage columnID="B8262DA5-4976-CCA2-282F-48029124363E"/>
</indexColumnUsage>
</ind_PK_UK>
<ind_PK_UK id="54F775EE-081F-E15F-5BB5-0069BDF93A1B" name="FK_MAQUINA_TIPO">
<createdBy>macbook</createdBy>
<createdTime>2025-10-08 23:56:02 UTC</createdTime>
<ownerDesignName>Eft_S9_BV_Modelos</ownerDesignName>
<indexState>Foreign Key</indexState>
<isSurrogateKey>false</isSurrogateKey>
<indexColumnUsage>
<colUsage columnID="D827EE0F-5781-DB88-0DB7-FEDF9CC18C34"/>
</indexColumnUsage>
</ind_PK_UK>
</indexes>
</Table>