<?xml version = '1.0' encoding = 'UTF-8'?>
<Table class="oracle.dbtools.crest.model.design.relational.Table" directorySegmentName="seg_0" id="B9F5DB8E-02A0-FD04-A14A-D493B974A853" schemaObject="289E58A3-7FC2-0704-9290-C79ED1E5B722" name="PLANTA">
<sourceConnName>Cristaleria_S9</sourceConnName>
<sourceObjSchema>ADMIN</sourceObjSchema>
<sourceObjName>PLANTA</sourceObjName>
<createdBy>macbook</createdBy>
<createdTime>2025-10-08 23:55:52 UTC</createdTime>
<ownerDesignName>Eft_S9_BV_Modelos</ownerDesignName>
<allowColumnReorder>false</allowColumnReorder>
<existDependencyGenerateInDDl>true</existDependencyGenerateInDDl>
<parsed>true</parsed>
<columns itemClass="oracle.dbtools.crest.model.design.relational.Column">
<Column name="ID_PLANTA" id="6944E7F7-9E78-6938-6AFA-C902DBAAD26C">
<sourceConnName>Cristaleria_S9</sourceConnName>
<sourceObjSchema>PLANTA</sourceObjSchema>
<sourceObjName>ID_PLANTA</sourceObjName>
<createdBy>macbook</createdBy>
<createdTime>2025-10-08 23:55:53 UTC</createdTime>
<ownerDesignName>Eft_S9_BV_Modelos</ownerDesignName>
<useDomainConstraints>false</useDomainConstraints>
<use>1</use>
<logicalDatatype>LOGDT019</logicalDatatype>
<ownDataTypeParameters>,,</ownDataTypeParameters>
<autoIncrementColumn>true</autoIncrementColumn>
<identityColumn>true</identityColumn>
<autoIncrementCycle>false</autoIncrementCycle>
<autoIncrementDisableCache>false</autoIncrementDisableCache>
<autoIncrementCache>20</autoIncrementCache>
<autoIncrementOrder>false</autoIncrementOrder>
</Column>
<Column name="NOMBRE" id="124F709B-AD31-D318-E548-9144F5A38107">
<sourceConnName>Cristaleria_S9</sourceConnName>
<sourceObjSchema>PLANTA</sourceObjSchema>
<sourceObjName>NOMBRE</sourceObjName>
<createdBy>macbook</createdBy>
<createdTime>2025-10-08 23:55:53 UTC</createdTime>
<ownerDesignName>Eft_S9_BV_Modelos</ownerDesignName>
<useDomainConstraints>false</useDomainConstraints>
<use>1</use>
<logicalDatatype>LOGDT024</logicalDatatype>
<dataTypeSize>80 BYTE</dataTypeSize>
<ownDataTypeParameters>80 BYTE,,</ownDataTypeParameters>
<autoIncrementCycle>false</autoIncrementCycle>
</Column>
<Column name="DIRECCION" id="9C965289-421A-8B0C-84D6-45E4BE869979">
<sourceConnName>Cristaleria_S9</sourceConnName>
<sourceObjSchema>PLANTA</sourceObjSchema>
<sourceObjName>DIRECCION</sourceObjName>
<createdBy>macbook</createdBy>
<createdTime>2025-10-08 23:55:53 UTC</createdTime>
<ownerDesignName>Eft_S9_BV_Modelos</ownerDesignName>
<nullsAllowed>true</nullsAllowed>
<useDomainConstraints>false</useDomainConstraints>
<use>1</use>
<logicalDatatype>LOGDT024</logicalDatatype>
<dataTypeSize>120 BYTE</dataTypeSize>
<ownDataTypeParameters>120 BYTE,,</ownDataTypeParameters>
<autoIncrementCycle>false</autoIncrementCycle>
</Column>
<Column name="ID_COMUNA" id="C94E9677-C466-BC6E-EF46-E44832B7F05A">
<sourceConnName>Cristaleria_S9</sourceConnName>
<sourceObjSchema>PLANTA</sourceObjSchema>
<sourceObjName>ID_COMUNA</sourceObjName>
<createdBy>macbook</createdBy>
<createdTime>2025-10-08 23:55:53 UTC</createdTime>
<ownerDesignName>Eft_S9_BV_Modelos</ownerDesignName>
<useDomainConstraints>false</useDomainConstraints>
<use>1</use>
<logicalDatatype>LOGDT019</logicalDatatype>
<ownDataTypeParameters>,,</ownDataTypeParameters>
<autoIncrementCycle>false</autoIncrementCycle>
<associations>
<colAssociation fkAssociation="81E3D200-F38F-42E7-2709-AC395EA20EF4" referredColumn="9C30C184-D9DA-4F87-F183-E65122882378"/>
</associations>
</Column>
</columns>
<indexes itemClass="oracle.dbtools.crest.model.design.relational.Index">
<ind_PK_UK id="A8342480-A4AE-736A-4034-D80E10D5DF6C" schemaObject="289E58A3-7FC2-0704-9290-C79ED1E5B722" name="PLANTA_PK">
<sourceConnName>Cristaleria_S9</sourceConnName>
<sourceObjSchema>ADMIN</sourceObjSchema>
<sourceObjName>SYS_C0023851</sourceObjName>
<createdBy>macbook</createdBy>
<createdTime>2025-10-08 23:55:56 UTC</createdTime>
<ownerDesignName>Eft_S9_BV_Modelos</ownerDesignName>
<pk>true</pk>
<indexState>Primary Constraint</indexState>
<isSurrogateKey>false</isSurrogateKey>
<indexColumnUsage>
<colUsage columnID="6944E7F7-9E78-6938-6AFA-C902DBAAD26C"/>
</indexColumnUsage>
</ind_PK_UK>
<ind_PK_UK id="2A4D8DD4-9CC2-19C2-B077-BB10D419EF7A" name="FK_PLANTA_COMUNA">
<createdBy>macbook</createdBy>
<createdTime>2025-10-08 23:56:02 UTC</createdTime>
<ownerDesignName>Eft_S9_BV_Modelos</ownerDesignName>
<indexState>Foreign Key</indexState>
<isSurrogateKey>false</isSurrogateKey>
<indexColumnUsage>
<colUsage columnID="C94E9677-C466-BC6E-EF46-E44832B7F05A"/>
</indexColumnUsage>
</ind_PK_UK>
</indexes>
</Table>