<?xml version = '1.0' encoding = 'UTF-8'?>
<Table class="oracle.dbtools.crest.model.design.relational.Table" directorySegmentName="seg_0" id="D3EA53B2-CD14-6E10-0B7E-F5AF33001BE9" schemaObject="289E58A3-7FC2-0704-9290-C79ED1E5B722" name="COMUNA">
<sourceConnName>Cristaleria_S9</sourceConnName>
<sourceObjSchema>ADMIN</sourceObjSchema>
<sourceObjName>COMUNA</sourceObjName>
<createdBy>macbook</createdBy>
<createdTime>2025-10-08 23:55:52 UTC</createdTime>
<ownerDesignName>Eft_S9_BV_Modelos</ownerDesignName>
<allowColumnReorder>false</allowColumnReorder>
<existDependencyGenerateInDDl>true</existDependencyGenerateInDDl>
<parsed>true</parsed>
<columns itemClass="oracle.dbtools.crest.model.design.relational.Column">
<Column name="ID_COMUNA" id="9C30C184-D9DA-4F87-F183-E65122882378">
<sourceConnName>Cristaleria_S9</sourceConnName>
<sourceObjSchema>COMUNA</sourceObjSchema>
<sourceObjName>ID_COMUNA</sourceObjName>
<createdBy>macbook</createdBy>
<createdTime>2025-10-08 23:55:53 UTC</createdTime>
<ownerDesignName>Eft_S9_BV_Modelos</ownerDesignName>
<useDomainConstraints>false</useDomainConstraints>
<use>1</use>
<logicalDatatype>LOGDT019</logicalDatatype>
<ownDataTypeParameters>,,</ownDataTypeParameters>
<autoIncrementColumn>true</autoIncrementColumn>
<identityColumn>true</identityColumn>
<autoIncrementCycle>false</autoIncrementCycle>
<autoIncrementDisableCache>false</autoIncrementDisableCache>
<autoIncrementCache>20</autoIncrementCache>
<autoIncrementOrder>false</autoIncrementOrder>
</Column>
<Column name="NOMBRE" id="8FA050E3-DADC-6188-640B-84D8FF30940E">
<sourceConnName>Cristaleria_S9</sourceConnName>
<sourceObjSchema>COMUNA</sourceObjSchema>
<sourceObjName>NOMBRE</sourceObjName>
<createdBy>macbook</createdBy>
<createdTime>2025-10-08 23:55:53 UTC</createdTime>
<ownerDesignName>Eft_S9_BV_Modelos</ownerDesignName>
<useDomainConstraints>false</useDomainConstraints>
<use>1</use>
<logicalDatatype>LOGDT024</logicalDatatype>
<dataTypeSize>50 BYTE</dataTypeSize>
<ownDataTypeParameters>50 BYTE,,</ownDataTypeParameters>
<autoIncrementCycle>false</autoIncrementCycle>
</Column>
<Column name="ID_REGION" id="2A9A301C-3B7E-1EC0-C41D-963E9C93F83D">
<sourceConnName>Cristaleria_S9</sourceConnName>
<sourceObjSchema>COMUNA</sourceObjSchema>
<sourceObjName>ID_REGION</sourceObjName>
<createdBy>macbook</createdBy>
<createdTime>2025-10-08 23:55:53 UTC</createdTime>
<ownerDesignName>Eft_S9_BV_Modelos</ownerDesignName>
<useDomainConstraints>false</useDomainConstraints>
<use>1</use>
<logicalDatatype>LOGDT019</logicalDatatype>
<ownDataTypeParameters>,,</ownDataTypeParameters>
<autoIncrementCycle>false</autoIncrementCycle>
<associations>
<colAssociation fkAssociation="17D1948D-A7B2-7A16-76BD-9C9FDA41084B" referredColumn="D6C93E3A-E45A-E058-F904-C052805F24D3"/>
</associations>
</Column>
</columns>
<indexes itemClass="oracle.dbtools.crest.model.design.relational.Index">
<ind_PK_UK id="10D8C4D2-D091-F268-4C70-4EBCE7B92D70" schemaObject="289E58A3-7FC2-0704-9290-C79ED1E5B722" name="COMUNA_PK">
<sourceConnName>Cristaleria_S9</sourceConnName>
<sourceObjSchema>ADMIN</sourceObjSchema>
<sourceObjName>SYS_C0023846</sourceObjName>
<createdBy>macbook</createdBy>
<createdTime>2025-10-08 23:55:55 UTC</createdTime>
<ownerDesignName>Eft_S9_BV_Modelos</ownerDesignName>
<pk>true</pk>
<indexState>Primary Constraint</indexState>
<isSurrogateKey>false</isSurrogateKey>
<indexColumnUsage>
<colUsage columnID="9C30C184-D9DA-4F87-F183-E65122882378"/>
</indexColumnUsage>
</ind_PK_UK>
<ind_PK_UK id="3ED2357F-A7E0-0421-925B-230EA98D72B5" name="FK_COMUNA_REGION">
<createdBy>macbook</createdBy>
<createdTime>2025-10-08 23:56:02 UTC</createdTime>
<ownerDesignName>Eft_S9_BV_Modelos</ownerDesignName>
<indexState>Foreign Key</indexState>
<isSurrogateKey>false</isSurrogateKey>
<indexColumnUsage>
<colUsage columnID="2A9A301C-3B7E-1EC0-C41D-963E9C93F83D"/>
</indexColumnUsage>
</ind_PK_UK>
</indexes>
</Table>