<?xml version = '1.0' encoding = 'UTF-8'?>
<Table class="oracle.dbtools.crest.model.design.relational.Table" directorySegmentName="seg_0" id="EBAFF780-9AD1-B7F3-E963-6AC81DA4865D" schemaObject="289E58A3-7FC2-0704-9290-C79ED1E5B722" name="ORDEN_MANTENCION">
<sourceConnName>Cristaleria_S9</sourceConnName>
<sourceObjSchema>ADMIN</sourceObjSchema>
<sourceObjName>ORDEN_MANTENCION</sourceObjName>
<createdBy>macbook</createdBy>
<createdTime>2025-10-08 23:55:52 UTC</createdTime>
<ownerDesignName>Eft_S9_BV_Modelos</ownerDesignName>
<allowColumnReorder>false</allowColumnReorder>
<existDependencyGenerateInDDl>true</existDependencyGenerateInDDl>
<parsed>true</parsed>
<columns itemClass="oracle.dbtools.crest.model.design.relational.Column">
<Column name="ID_ORDEN" id="5984201B-341D-1A59-2012-09B55E4D9C5C">
<sourceConnName>Cristaleria_S9</sourceConnName>
<sourceObjSchema>ORDEN_MANTENCION</sourceObjSchema>
<sourceObjName>ID_ORDEN</sourceObjName>
<createdBy>macbook</createdBy>
<createdTime>2025-10-08 23:55:53 UTC</createdTime>
<ownerDesignName>Eft_S9_BV_Modelos</ownerDesignName>
<useDomainConstraints>false</useDomainConstraints>
<use>1</use>
<logicalDatatype>LOGDT019</logicalDatatype>
<ownDataTypeParameters>,,</ownDataTypeParameters>
<autoIncrementColumn>true</autoIncrementColumn>
<identityColumn>true</identityColumn>
<autoIncrementCycle>false</autoIncrementCycle>
<autoIncrementDisableCache>false</autoIncrementDisableCache>
<autoIncrementCache>20</autoIncrementCache>
<autoIncrementOrder>false</autoIncrementOrder>
</Column>
<Column name="ID_MAQUINA" id="678F4A4A-0947-DC32-03E2-B648574ED9F2">
<sourceConnName>Cristaleria_S9</sourceConnName>
<sourceObjSchema>ORDEN_MANTENCION</sourceObjSchema>
<sourceObjName>ID_MAQUINA</sourceObjName>
<createdBy>macbook</createdBy>
<createdTime>2025-10-08 23:55:53 UTC</createdTime>
<ownerDesignName>Eft_S9_BV_Modelos</ownerDesignName>
<useDomainConstraints>false</useDomainConstraints>
<use>1</use>
<logicalDatatype>LOGDT019</logicalDatatype>
<ownDataTypeParameters>,,</ownDataTypeParameters>
<autoIncrementCycle>false</autoIncrementCycle>
<associations>
<colAssociation fkAssociation="CE2D89DC-3E4D-0EE8-D400-37604F17CB5E" referredColumn="9FF0AA50-5E24-0F9C-0347-1D999306EF92"/>
</associations>
</Column>
<Column name="ID_TECNICO" id="4C6399D7-F813-EA18-BA2D-953158B5D679">
<sourceConnName>Cristaleria_S9</sourceConnName>
<sourceObjSchema>ORDEN_MANTENCION</sourceObjSchema>
<sourceObjName>ID_TECNICO</sourceObjName>
<createdBy>macbook</createdBy>
<createdTime>2025-10-08 23:55:53 UTC</createdTime>
<ownerDesignName>Eft_S9_BV_Modelos</ownerDesignName>
<useDomainConstraints>false</useDomainConstraints>
<use>1</use>
<logicalDatatype>LOGDT019</logicalDatatype>
<ownDataTypeParameters>,,</ownDataTypeParameters>
<autoIncrementCycle>false</autoIncrementCycle>
<associations>
<colAssociation fkAssociation="31F2660A-61A9-B10D-B90D-A5B20B66F2B6" referredColumn="8AC8D2D9-421F-0B1E-6204-5660A71D0A99"/>
</associations>
</Column>
<Column name="FECHA_PROGRAMADA" id="77407FA6-C024-FADC-1110-261CA75B3263">
<sourceConnName>Cristaleria_S9</sourceConnName>
<sourceObjSchema>ORDEN_MANTENCION</sourceObjSchema>
<sourceObjName>FECHA_PROGRAMADA</sourceObjName>
<createdBy>macbook</createdBy>
<createdTime>2025-10-08 23:55:53 UTC</createdTime>
<ownerDesignName>Eft_S9_BV_Modelos</ownerDesignName>
<nullsAllowed>true</nullsAllowed>
<useDomainConstraints>false</useDomainConstraints>
<use>1</use>
<logicalDatatype>LOGDT007</logicalDatatype>
<dataTypeSize>7</dataTypeSize>
<ownDataTypeParameters>7,,</ownDataTypeParameters>
<autoIncrementCycle>false</autoIncrementCycle>
</Column>
<Column name="FECHA_EJECUCION" id="6A3D64E6-9BBB-E3E4-1C2D-8F41F4EE9A81">
<sourceConnName>Cristaleria_S9</sourceConnName>
<sourceObjSchema>ORDEN_MANTENCION</sourceObjSchema>
<sourceObjName>FECHA_EJECUCION</sourceObjName>
<createdBy>macbook</createdBy>
<createdTime>2025-10-08 23:55:53 UTC</createdTime>
<ownerDesignName>Eft_S9_BV_Modelos</ownerDesignName>
<nullsAllowed>true</nullsAllowed>
<useDomainConstraints>false</useDomainConstraints>
<use>1</use>
<logicalDatatype>LOGDT007</logicalDatatype>
<dataTypeSize>7</dataTypeSize>
<ownDataTypeParameters>7,,</ownDataTypeParameters>
<autoIncrementCycle>false</autoIncrementCycle>
</Column>
<Column name="DESCRIPCION" id="8AD43582-FC17-3FDD-4A7F-4B163C757BAC">
<sourceConnName>Cristaleria_S9</sourceConnName>
<sourceObjSchema>ORDEN_MANTENCION</sourceObjSchema>
<sourceObjName>DESCRIPCION</sourceObjName>
<createdBy>macbook</createdBy>
<createdTime>2025-10-08 23:55:53 UTC</createdTime>
<ownerDesignName>Eft_S9_BV_Modelos</ownerDesignName>
<nullsAllowed>true</nullsAllowed>
<useDomainConstraints>false</useDomainConstraints>
<use>1</use>
<logicalDatatype>LOGDT024</logicalDatatype>
<dataTypeSize>255 BYTE</dataTypeSize>
<ownDataTypeParameters>255 BYTE,,</ownDataTypeParameters>
<autoIncrementCycle>false</autoIncrementCycle>
</Column>
</columns>
<indexes itemClass="oracle.dbtools.crest.model.design.relational.Index">
<ind_PK_UK id="39F1E48A-70F9-BC38-E0EC-739A7300B122" schemaObject="289E58A3-7FC2-0704-9290-C79ED1E5B722" name="ORDEN_MANTENCION_PK">
<sourceConnName>Cristaleria_S9</sourceConnName>
<sourceObjSchema>ADMIN</sourceObjSchema>
<sourceObjName>SYS_C0023880</sourceObjName>
<createdBy>macbook</createdBy>
<createdTime>2025-10-08 23:55:56 UTC</createdTime>
<ownerDesignName>Eft_S9_BV_Modelos</ownerDesignName>
<pk>true</pk>
<indexState>Primary Constraint</indexState>
<isSurrogateKey>false</isSurrogateKey>
<indexColumnUsage>
<colUsage columnID="5984201B-341D-1A59-2012-09B55E4D9C5C"/>
</indexColumnUsage>
</ind_PK_UK>
<ind_PK_UK id="5E7E273F-28EA-D378-3ABA-D7F900BE0246" name="FK_ORDEN_MAQUINA">
<createdBy>macbook</createdBy>
<createdTime>2025-10-08 23:56:02 UTC</createdTime>
<ownerDesignName>Eft_S9_BV_Modelos</ownerDesignName>
<indexState>Foreign Key</indexState>
<isSurrogateKey>false</isSurrogateKey>
<indexColumnUsage>
<colUsage columnID="678F4A4A-0947-DC32-03E2-B648574ED9F2"/>
</indexColumnUsage>
</ind_PK_UK>
<ind_PK_UK id="E623933E-691C-97BA-2AAD-4B68BA9C8C1A" name="FK_ORDEN_TECNICO">
<createdBy>macbook</createdBy>
<createdTime>2025-10-08 23:56:02 UTC</createdTime>
<ownerDesignName>Eft_S9_BV_Modelos</ownerDesignName>
<indexState>Foreign Key</indexState>
<isSurrogateKey>false</isSurrogateKey>
<indexColumnUsage>
<colUsage columnID="4C6399D7-F813-EA18-BA2D-953158B5D679"/>
</indexColumnUsage>
</ind_PK_UK>
</indexes>
</Table>