<?xml version = '1.0' encoding = 'UTF-8'?>
<Entity class="oracle.dbtools.crest.model.design.logical.Entity" directorySegmentName="seg_0" id="20F171CE-AFDB-72CA-8EE8-97BC3528D67B" name="Contrato">
<createdBy>macbook</createdBy>
<createdTime>2025-08-31 00:32:51 UTC</createdTime>
<ownerDesignName>Exp1_S3_Bastian_Valdivia</ownerDesignName>
<engineerTo>
<item key="B02159A5-A3E1-6530-4CC1-4ED5532DEA21" value="true"/>
</engineerTo>
<adequatelyNormalized>NO</adequatelyNormalized>
<expectedVolumes>0</expectedVolumes>
<fwdEngineeringStrategyName>Single Table</fwdEngineeringStrategyName>
<growthPercent>0</growthPercent>
<growthType>Year</growthType>
<maxVolumes>9999999</maxVolumes>
<minVolumes>0</minVolumes>
<normalForm>Third</normalForm>
<attributes itemClass="oracle.dbtools.crest.model.design.logical.Attribute">
<Attribute name="id_contrato" id="30A93D33-4FDC-2BDA-6717-6B2A02B1E365">
<createdBy>macbook</createdBy>
<createdTime>2025-08-31 00:33:02 UTC</createdTime>
<ownerDesignName>Exp1_S3_Bastian_Valdivia</ownerDesignName>
<engineerTo>
<item key="B02159A5-A3E1-6530-4CC1-4ED5532DEA21" value="true"/>
</engineerTo>
<useDomainConstraints>false</useDomainConstraints>
<use>1</use>
<logicalDatatype>LOGDT019</logicalDatatype>
<dataTypePrecision>10</dataTypePrecision>
<ownDataTypeParameters>,10,</ownDataTypeParameters>
</Attribute>
<Attribute name="fecha_inicio" id="B694A726-0B01-ADBB-64E9-E5A74DCCE5BC">
<createdBy>macbook</createdBy>
<createdTime>2025-08-31 00:33:58 UTC</createdTime>
<ownerDesignName>Exp1_S3_Bastian_Valdivia</ownerDesignName>
<engineerTo>
<item key="B02159A5-A3E1-6530-4CC1-4ED5532DEA21" value="true"/>
</engineerTo>
<nullsAllowed>true</nullsAllowed>
<useDomainConstraints>false</useDomainConstraints>
<use>1</use>
<logicalDatatype>LOGDT007</logicalDatatype>
<ownDataTypeParameters>,,</ownDataTypeParameters>
</Attribute>
<Attribute name="fecha_fin" id="95707F91-0439-C273-4B61-050EBD916BCB">
<createdBy>macbook</createdBy>
<createdTime>2025-08-31 00:34:09 UTC</createdTime>
<ownerDesignName>Exp1_S3_Bastian_Valdivia</ownerDesignName>
<engineerTo>
<item key="B02159A5-A3E1-6530-4CC1-4ED5532DEA21" value="true"/>
</engineerTo>
<nullsAllowed>true</nullsAllowed>
<useDomainConstraints>false</useDomainConstraints>
<use>1</use>
<logicalDatatype>LOGDT007</logicalDatatype>
<ownDataTypeParameters>,,</ownDataTypeParameters>
</Attribute>
<Attribute name="costo_mensual" id="B8E35967-FC4E-61AA-9578-3AF4641CC306">
<createdBy>macbook</createdBy>
<createdTime>2025-08-31 00:34:22 UTC</createdTime>
<ownerDesignName>Exp1_S3_Bastian_Valdivia</ownerDesignName>
<engineerTo>
<item key="B02159A5-A3E1-6530-4CC1-4ED5532DEA21" value="true"/>
</engineerTo>
<nullsAllowed>true</nullsAllowed>
<useDomainConstraints>false</useDomainConstraints>
<use>1</use>
<logicalDatatype>LOGDT019</logicalDatatype>
<dataTypePrecision>10</dataTypePrecision>
<ownDataTypeParameters>,10,</ownDataTypeParameters>
</Attribute>
<Attribute name="id_apoderado1" id="2A89C3BF-0F5C-7A15-65AD-58BBF3EC0792">
<createdBy>macbook</createdBy>
<createdTime>2025-08-31 01:38:00 UTC</createdTime>
<generatorID>59F86461-9010-8D1E-74C7-3E624B50B0EC</generatorID>
<ownerDesignName>Exp1_S3_Bastian_Valdivia</ownerDesignName>
<engineerTo>
<item key="B02159A5-A3E1-6530-4CC1-4ED5532DEA21" value="true"/>
</engineerTo>
<referedAttribute>02E92B48-E3BC-90BE-4E4A-F825323E6B37</referedAttribute>
<useDomainConstraints>false</useDomainConstraints>
<use>1</use>
<logicalDatatype>LOGDT019</logicalDatatype>
<dataTypePrecision>10</dataTypePrecision>
<ownDataTypeParameters>,,</ownDataTypeParameters>
</Attribute>
</attributes>
<identifiers itemClass="oracle.dbtools.crest.model.design.logical.CandidateKey">
<identifier id="1E25536F-D0C6-E104-0160-820C9245633B" name="Contrato PK">
<createdBy>macbook</createdBy>
<createdTime>2025-08-31 00:33:15 UTC</createdTime>
<ownerDesignName>Exp1_S3_Bastian_Valdivia</ownerDesignName>
<engineerTo>
<item key="B02159A5-A3E1-6530-4CC1-4ED5532DEA21" value="true"/>
</engineerTo>
<pk>true</pk>
<usedAttributes>
<attributeRef>30A93D33-4FDC-2BDA-6717-6B2A02B1E365</attributeRef>
</usedAttributes>
</identifier>
</identifiers>
</Entity>