<?xml version = '1.0' encoding = 'UTF-8'?>
<Entity class="oracle.dbtools.crest.model.design.logical.Entity" directorySegmentName="seg_0" id="E29D4E27-64E7-EE6A-F8AC-9D93112DE7D9" name="Persona">
<createdBy>macbook</createdBy>
<createdTime>2025-08-31 00:06:56 UTC</createdTime>
<ownerDesignName>Exp1_S3_Bastian_Valdivia</ownerDesignName>
<engineerTo>
<item key="B02159A5-A3E1-6530-4CC1-4ED5532DEA21" value="true"/>
</engineerTo>
<adequatelyNormalized>NO</adequatelyNormalized>
<expectedVolumes>0</expectedVolumes>
<fwdEngineeringStrategyName>Single Table</fwdEngineeringStrategyName>
<growthPercent>0</growthPercent>
<growthType>Year</growthType>
<maxVolumes>9999999</maxVolumes>
<minVolumes>0</minVolumes>
<normalForm>Third</normalForm>
<attributes itemClass="oracle.dbtools.crest.model.design.logical.Attribute">
<Attribute name="id_persona" id="E319EAD8-5295-708E-DD03-09D74A028B75">
<createdBy>macbook</createdBy>
<createdTime>2025-08-31 00:07:16 UTC</createdTime>
<ownerDesignName>Exp1_S3_Bastian_Valdivia</ownerDesignName>
<engineerTo>
<item key="B02159A5-A3E1-6530-4CC1-4ED5532DEA21" value="true"/>
</engineerTo>
<useDomainConstraints>false</useDomainConstraints>
<use>1</use>
<logicalDatatype>LOGDT019</logicalDatatype>
<dataTypePrecision>10</dataTypePrecision>
<ownDataTypeParameters>,10,</ownDataTypeParameters>
</Attribute>
<Attribute name="rut" id="0E3AA5BE-2D29-5D92-223F-4FEBB9A2ED85">
<createdBy>macbook</createdBy>
<createdTime>2025-08-31 00:07:31 UTC</createdTime>
<ownerDesignName>Exp1_S3_Bastian_Valdivia</ownerDesignName>
<engineerTo>
<item key="B02159A5-A3E1-6530-4CC1-4ED5532DEA21" value="true"/>
</engineerTo>
<nullsAllowed>true</nullsAllowed>
<useDomainConstraints>false</useDomainConstraints>
<use>1</use>
<logicalDatatype>LOGDT024</logicalDatatype>
<dataTypeSize>12</dataTypeSize>
<ownDataTypeParameters>12,,</ownDataTypeParameters>
</Attribute>
<Attribute name="nombre" id="6B816B8F-2DA5-3792-792A-1FECC9CDF26F">
<createdBy>macbook</createdBy>
<createdTime>2025-08-31 00:07:42 UTC</createdTime>
<ownerDesignName>Exp1_S3_Bastian_Valdivia</ownerDesignName>
<engineerTo>
<item key="B02159A5-A3E1-6530-4CC1-4ED5532DEA21" value="true"/>
</engineerTo>
<nullsAllowed>true</nullsAllowed>
<useDomainConstraints>false</useDomainConstraints>
<use>1</use>
<logicalDatatype>LOGDT024</logicalDatatype>
<dataTypeSize>50</dataTypeSize>
<ownDataTypeParameters>50,,</ownDataTypeParameters>
</Attribute>
<Attribute name="fecha_nacimiento" id="BDF2B5A7-6EB6-90A4-9477-963D454BB191">
<createdBy>macbook</createdBy>
<createdTime>2025-08-31 00:08:02 UTC</createdTime>
<ownerDesignName>Exp1_S3_Bastian_Valdivia</ownerDesignName>
<engineerTo>
<item key="B02159A5-A3E1-6530-4CC1-4ED5532DEA21" value="true"/>
</engineerTo>
<nullsAllowed>true</nullsAllowed>
<useDomainConstraints>false</useDomainConstraints>
<use>1</use>
<logicalDatatype>LOGDT007</logicalDatatype>
<ownDataTypeParameters>,,</ownDataTypeParameters>
</Attribute>
</attributes>
<identifiers itemClass="oracle.dbtools.crest.model.design.logical.CandidateKey">
<identifier id="2EF2BD02-CF0D-2C57-EA50-F4A4342DFF9D" name="Persona PK">
<createdBy>macbook</createdBy>
<createdTime>2025-08-31 00:07:30 UTC</createdTime>
<ownerDesignName>Exp1_S3_Bastian_Valdivia</ownerDesignName>
<engineerTo>
<item key="B02159A5-A3E1-6530-4CC1-4ED5532DEA21" value="true"/>
</engineerTo>
<pk>true</pk>
<usedAttributes>
<attributeRef>E319EAD8-5295-708E-DD03-09D74A028B75</attributeRef>
</usedAttributes>
</identifier>
</identifiers>
</Entity>