<?xml version = '1.0' encoding = 'UTF-8'?>
<relationalModel class="oracle.dbtools.crest.model.design.relational.RelationalDesign" name="Relational_1" id="B02159A5-A3E1-6530-4CC1-4ED5532DEA21" mainViewID="AD27EC36-ECE0-4605-4649-8AD805E676BB">
<createdBy>macbook</createdBy>
<createdTime>2025-08-31 00:02:10 UTC</createdTime>
<ownerDesignName>Exp1_S3_Bastian_Valdivia</ownerDesignName>
<shouldBeOpen>false</shouldBeOpen>
<selectedRDBMSSite>32076570-2523-435C-2E92-BF29817DFF70</selectedRDBMSSite>
</relationalModel>