<?xml version = '1.0' encoding = 'UTF-8'?>
<FKIndexAssociation class="oracle.dbtools.crest.model.design.relational.FKIndexAssociation" directorySegmentName="seg_0" id="00B05011-271C-B0D5-4EF0-70110849FEFA" containerWithKeyObject="B2FE2F33-A004-778D-2E68-78F73AE03CC5" localFKIndex="0055DB64-01E1-FB43-1B17-830E4415E0A3" name="FK_MAQUINA_PLANTA">
<sourceConnName>Cristaleria_S9</sourceConnName>
<sourceObjSchema>ADMIN</sourceObjSchema>
<sourceObjName>FK_MAQUINA_PLANTA</sourceObjName>
<createdBy>macbook</createdBy>
<createdTime>2025-10-08 23:56:02 UTC</createdTime>
<ownerDesignName>Eft_S9_BV_Modelos</ownerDesignName>
<referredTableLongName>ADMIN.PLANTA</referredTableLongName>
<deleteRule>NO ACTION</deleteRule>
<referredTableID>B9F5DB8E-02A0-FD04-A14A-D493B974A853</referredTableID>
<keyObject>A8342480-A4AE-736A-4034-D80E10D5DF6C</keyObject>
<referredKeyID>A8342480-A4AE-736A-4034-D80E10D5DF6C</referredKeyID>
<mandatory>true</mandatory>
<refColNames>ID_PLANTA</refColNames>
<transferable>true</transferable>
<rely>false</rely>
<columnDependencyConstraintGenerateInDDL>true</columnDependencyConstraintGenerateInDDL>
</FKIndexAssociation>