<?xml version = '1.0' encoding = 'UTF-8'?>
<FKIndexAssociation class="oracle.dbtools.crest.model.design.relational.FKIndexAssociation" directorySegmentName="seg_0" id="0E7BC178-944C-A995-7DD8-F09A394C60A9" containerWithKeyObject="573BE148-FD93-D1B8-F980-F67B8B8F1B77" localFKIndex="5955DFCF-D78C-08B1-97D0-ABAE45D46515" name="FK_ASIG_EMPLEADO">
<sourceConnName>Cristaleria_S9</sourceConnName>
<sourceObjSchema>ADMIN</sourceObjSchema>
<sourceObjName>FK_ASIG_EMPLEADO</sourceObjName>
<createdBy>macbook</createdBy>
<createdTime>2025-10-08 23:56:02 UTC</createdTime>
<ownerDesignName>Eft_S9_BV_Modelos</ownerDesignName>
<referredTableLongName>ADMIN.EMPLEADO</referredTableLongName>
<deleteRule>NO ACTION</deleteRule>
<referredTableID>2DF29975-C9C8-B8CA-70F4-AA7992CB534C</referredTableID>
<keyObject>275A79C0-EE6B-E6DE-65B2-53E87B0D26CD</keyObject>
<referredKeyID>275A79C0-EE6B-E6DE-65B2-53E87B0D26CD</referredKeyID>
<mandatory>true</mandatory>
<refColNames>ID_EMPLEADO</refColNames>
<transferable>true</transferable>
<rely>false</rely>
<columnDependencyConstraintGenerateInDDL>true</columnDependencyConstraintGenerateInDDL>
</FKIndexAssociation>