<?xml version = '1.0' encoding = 'UTF-8'?>
<FKIndexAssociation class="oracle.dbtools.crest.model.design.relational.FKIndexAssociation" directorySegmentName="seg_0" id="17D1948D-A7B2-7A16-76BD-9C9FDA41084B" containerWithKeyObject="D3EA53B2-CD14-6E10-0B7E-F5AF33001BE9" localFKIndex="3ED2357F-A7E0-0421-925B-230EA98D72B5" name="FK_COMUNA_REGION">
<sourceConnName>Cristaleria_S9</sourceConnName>
<sourceObjSchema>ADMIN</sourceObjSchema>
<sourceObjName>FK_COMUNA_REGION</sourceObjName>
<createdBy>macbook</createdBy>
<createdTime>2025-10-08 23:56:02 UTC</createdTime>
<ownerDesignName>Eft_S9_BV_Modelos</ownerDesignName>
<referredTableLongName>ADMIN.REGION</referredTableLongName>
<deleteRule>NO ACTION</deleteRule>
<referredTableID>8101B617-F0D5-F285-923E-F176543CA828</referredTableID>
<keyObject>EF311445-A079-192A-5C43-45FCEA5AEB36</keyObject>
<referredKeyID>EF311445-A079-192A-5C43-45FCEA5AEB36</referredKeyID>
<mandatory>true</mandatory>
<refColNames>ID_REGION</refColNames>
<transferable>true</transferable>
<rely>false</rely>
<columnDependencyConstraintGenerateInDDL>true</columnDependencyConstraintGenerateInDDL>
</FKIndexAssociation>