<?xml version = '1.0' encoding = 'UTF-8'?>
<FKIndexAssociation class="oracle.dbtools.crest.model.design.relational.FKIndexAssociation" directorySegmentName="seg_0" id="31F2660A-61A9-B10D-B90D-A5B20B66F2B6" containerWithKeyObject="EBAFF780-9AD1-B7F3-E963-6AC81DA4865D" localFKIndex="E623933E-691C-97BA-2AAD-4B68BA9C8C1A" name="FK_ORDEN_TECNICO">
<sourceConnName>Cristaleria_S9</sourceConnName>
<sourceObjSchema>ADMIN</sourceObjSchema>
<sourceObjName>FK_ORDEN_TECNICO</sourceObjName>
<createdBy>macbook</createdBy>
<createdTime>2025-10-08 23:56:02 UTC</createdTime>
<ownerDesignName>Eft_S9_BV_Modelos</ownerDesignName>
<referredTableLongName>ADMIN.EMPLEADO</referredTableLongName>
<deleteRule>NO ACTION</deleteRule>
<referredTableID>2DF29975-C9C8-B8CA-70F4-AA7992CB534C</referredTableID>
<keyObject>275A79C0-EE6B-E6DE-65B2-53E87B0D26CD</keyObject>
<referredKeyID>275A79C0-EE6B-E6DE-65B2-53E87B0D26CD</referredKeyID>
<mandatory>true</mandatory>
<refColNames>ID_EMPLEADO</refColNames>
<transferable>true</transferable>
<rely>false</rely>
<columnDependencyConstraintGenerateInDDL>true</columnDependencyConstraintGenerateInDDL>
</FKIndexAssociation>