<?xml version = '1.0' encoding = 'UTF-8'?>
<FKIndexAssociation class="oracle.dbtools.crest.model.design.relational.FKIndexAssociation" directorySegmentName="seg_0" id="38C4EBF6-AEC1-4433-3787-781C5050498C" containerWithKeyObject="2DF29975-C9C8-B8CA-70F4-AA7992CB534C" localFKIndex="B9236D91-2AFF-B7D6-7330-ECF10C59761F" name="FK_EMPLEADO_JEFE">
<sourceConnName>Cristaleria_S9</sourceConnName>
<sourceObjSchema>ADMIN</sourceObjSchema>
<sourceObjName>FK_EMPLEADO_JEFE</sourceObjName>
<createdBy>macbook</createdBy>
<createdTime>2025-10-08 23:56:02 UTC</createdTime>
<ownerDesignName>Eft_S9_BV_Modelos</ownerDesignName>
<referredTableLongName>ADMIN.EMPLEADO</referredTableLongName>
<deleteRule>NO ACTION</deleteRule>
<referredTableID>2DF29975-C9C8-B8CA-70F4-AA7992CB534C</referredTableID>
<keyObject>275A79C0-EE6B-E6DE-65B2-53E87B0D26CD</keyObject>
<referredKeyID>275A79C0-EE6B-E6DE-65B2-53E87B0D26CD</referredKeyID>
<mandatory>false</mandatory>
<refColNames>ID_EMPLEADO</refColNames>
<transferable>true</transferable>
<rely>false</rely>
<columnDependencyConstraintGenerateInDDL>true</columnDependencyConstraintGenerateInDDL>
</FKIndexAssociation>