<?xml version = '1.0' encoding = 'UTF-8'?>
<FKIndexAssociation class="oracle.dbtools.crest.model.design.relational.FKIndexAssociation" directorySegmentName="seg_0" id="76E2D3DE-0AD7-8D2B-D3CF-915EB21DF0A2" containerWithKeyObject="573BE148-FD93-D1B8-F980-F67B8B8F1B77" localFKIndex="AD3C4FAD-1C00-590E-BFEA-ED9306CACD82" name="FK_ASIG_TURNO">
<sourceConnName>Cristaleria_S9</sourceConnName>
<sourceObjSchema>ADMIN</sourceObjSchema>
<sourceObjName>FK_ASIG_TURNO</sourceObjName>
<createdBy>macbook</createdBy>
<createdTime>2025-10-08 23:56:02 UTC</createdTime>
<ownerDesignName>Eft_S9_BV_Modelos</ownerDesignName>
<referredTableLongName>ADMIN.TURNO</referredTableLongName>
<deleteRule>NO ACTION</deleteRule>
<referredTableID>8E170CB0-3727-E7AB-F2FC-9C9AEC350A4E</referredTableID>
<keyObject>5350DD5A-63A9-01FB-29F3-88A293296BE5</keyObject>
<referredKeyID>5350DD5A-63A9-01FB-29F3-88A293296BE5</referredKeyID>
<mandatory>true</mandatory>
<refColNames>ID_TURNO</refColNames>
<transferable>true</transferable>
<rely>false</rely>
<columnDependencyConstraintGenerateInDDL>true</columnDependencyConstraintGenerateInDDL>
</FKIndexAssociation>