<?xml version = '1.0' encoding = 'UTF-8'?>
<FKIndexAssociation class="oracle.dbtools.crest.model.design.relational.FKIndexAssociation" directorySegmentName="seg_0" id="81E3D200-F38F-42E7-2709-AC395EA20EF4" containerWithKeyObject="B9F5DB8E-02A0-FD04-A14A-D493B974A853" localFKIndex="2A4D8DD4-9CC2-19C2-B077-BB10D419EF7A" name="FK_PLANTA_COMUNA">
<sourceConnName>Cristaleria_S9</sourceConnName>
<sourceObjSchema>ADMIN</sourceObjSchema>
<sourceObjName>FK_PLANTA_COMUNA</sourceObjName>
<createdBy>macbook</createdBy>
<createdTime>2025-10-08 23:56:02 UTC</createdTime>
<ownerDesignName>Eft_S9_BV_Modelos</ownerDesignName>
<referredTableLongName>ADMIN.COMUNA</referredTableLongName>
<deleteRule>NO ACTION</deleteRule>
<referredTableID>D3EA53B2-CD14-6E10-0B7E-F5AF33001BE9</referredTableID>
<keyObject>10D8C4D2-D091-F268-4C70-4EBCE7B92D70</keyObject>
<referredKeyID>10D8C4D2-D091-F268-4C70-4EBCE7B92D70</referredKeyID>
<mandatory>true</mandatory>
<refColNames>ID_COMUNA</refColNames>
<transferable>true</transferable>
<rely>false</rely>
<columnDependencyConstraintGenerateInDDL>true</columnDependencyConstraintGenerateInDDL>
</FKIndexAssociation>