<?xml version = '1.0' encoding = 'UTF-8'?>
<FKIndexAssociation class="oracle.dbtools.crest.model.design.relational.FKIndexAssociation" directorySegmentName="seg_0" id="A0E281AA-F391-6245-AA86-BEB8F9B875C9" containerWithKeyObject="B2FE2F33-A004-778D-2E68-78F73AE03CC5" localFKIndex="54F775EE-081F-E15F-5BB5-0069BDF93A1B" name="FK_MAQUINA_TIPO">
<sourceConnName>Cristaleria_S9</sourceConnName>
<sourceObjSchema>ADMIN</sourceObjSchema>
<sourceObjName>FK_MAQUINA_TIPO</sourceObjName>
<createdBy>macbook</createdBy>
<createdTime>2025-10-08 23:56:02 UTC</createdTime>
<ownerDesignName>Eft_S9_BV_Modelos</ownerDesignName>
<referredTableLongName>ADMIN.TIPO_MAQUINA</referredTableLongName>
<deleteRule>NO ACTION</deleteRule>
<referredTableID>2EA380E6-CF45-339B-8863-85049A1A03A7</referredTableID>
<keyObject>1F7A8200-11A8-EC93-FB38-BEF75A21555E</keyObject>
<referredKeyID>1F7A8200-11A8-EC93-FB38-BEF75A21555E</referredKeyID>
<mandatory>true</mandatory>
<refColNames>ID_TIPO_MAQUINA</refColNames>
<transferable>true</transferable>
<rely>false</rely>
<columnDependencyConstraintGenerateInDDL>true</columnDependencyConstraintGenerateInDDL>
</FKIndexAssociation>