<?xml version = '1.0' encoding = 'UTF-8'?>
<FKIndexAssociation class="oracle.dbtools.crest.model.design.relational.FKIndexAssociation" directorySegmentName="seg_0" id="A973194C-95D2-BCAF-7AAE-B9C4C7EFF841" containerWithKeyObject="573BE148-FD93-D1B8-F980-F67B8B8F1B77" localFKIndex="BC4A9ACE-6866-8CD4-E000-4DC79D5336CD" name="FK_ASIG_MAQUINA">
<sourceConnName>Cristaleria_S9</sourceConnName>
<sourceObjSchema>ADMIN</sourceObjSchema>
<sourceObjName>FK_ASIG_MAQUINA</sourceObjName>
<createdBy>macbook</createdBy>
<createdTime>2025-10-08 23:56:02 UTC</createdTime>
<ownerDesignName>Eft_S9_BV_Modelos</ownerDesignName>
<referredTableLongName>ADMIN.MAQUINA</referredTableLongName>
<deleteRule>NO ACTION</deleteRule>
<referredTableID>B2FE2F33-A004-778D-2E68-78F73AE03CC5</referredTableID>
<keyObject>D702B94E-AE91-3369-7DCE-08D0A3D8EC21</keyObject>
<referredKeyID>D702B94E-AE91-3369-7DCE-08D0A3D8EC21</referredKeyID>
<mandatory>false</mandatory>
<refColNames>ID_MAQUINA</refColNames>
<transferable>true</transferable>
<rely>false</rely>
<columnDependencyConstraintGenerateInDDL>true</columnDependencyConstraintGenerateInDDL>
</FKIndexAssociation>