<?xml version = '1.0' encoding = 'UTF-8'?>
<FKIndexAssociation class="oracle.dbtools.crest.model.design.relational.FKIndexAssociation" directorySegmentName="seg_0" id="CE2D89DC-3E4D-0EE8-D400-37604F17CB5E" containerWithKeyObject="EBAFF780-9AD1-B7F3-E963-6AC81DA4865D" localFKIndex="5E7E273F-28EA-D378-3ABA-D7F900BE0246" name="FK_ORDEN_MAQUINA">
<sourceConnName>Cristaleria_S9</sourceConnName>
<sourceObjSchema>ADMIN</sourceObjSchema>
<sourceObjName>FK_ORDEN_MAQUINA</sourceObjName>
<createdBy>macbook</createdBy>
<createdTime>2025-10-08 23:56:02 UTC</createdTime>
<ownerDesignName>Eft_S9_BV_Modelos</ownerDesignName>
<referredTableLongName>ADMIN.MAQUINA</referredTableLongName>
<deleteRule>NO ACTION</deleteRule>
<referredTableID>B2FE2F33-A004-778D-2E68-78F73AE03CC5</referredTableID>
<keyObject>D702B94E-AE91-3369-7DCE-08D0A3D8EC21</keyObject>
<referredKeyID>D702B94E-AE91-3369-7DCE-08D0A3D8EC21</referredKeyID>
<mandatory>true</mandatory>
<refColNames>ID_MAQUINA</refColNames>
<transferable>true</transferable>
<rely>false</rely>
<columnDependencyConstraintGenerateInDDL>true</columnDependencyConstraintGenerateInDDL>
</FKIndexAssociation>