<?xml version = '1.0' encoding = 'UTF-8'?>
<FKIndexAssociation class="oracle.dbtools.crest.model.design.relational.FKIndexAssociation" directorySegmentName="seg_0" id="D584A7C5-0062-2E3C-9E2E-C534B59BF9D2" containerWithKeyObject="2DF29975-C9C8-B8CA-70F4-AA7992CB534C" localFKIndex="66F48327-ADD4-7564-27D4-7CF3A2BF05EE" name="FK_EMPLEADO_PLANTA">
<sourceConnName>Cristaleria_S9</sourceConnName>
<sourceObjSchema>ADMIN</sourceObjSchema>
<sourceObjName>FK_EMPLEADO_PLANTA</sourceObjName>
<createdBy>macbook</createdBy>
<createdTime>2025-10-08 23:56:02 UTC</createdTime>
<ownerDesignName>Eft_S9_BV_Modelos</ownerDesignName>
<referredTableLongName>ADMIN.PLANTA</referredTableLongName>
<deleteRule>NO ACTION</deleteRule>
<referredTableID>B9F5DB8E-02A0-FD04-A14A-D493B974A853</referredTableID>
<keyObject>A8342480-A4AE-736A-4034-D80E10D5DF6C</keyObject>
<referredKeyID>A8342480-A4AE-736A-4034-D80E10D5DF6C</referredKeyID>
<mandatory>true</mandatory>
<refColNames>ID_PLANTA</refColNames>
<transferable>true</transferable>
<rely>false</rely>
<columnDependencyConstraintGenerateInDDL>true</columnDependencyConstraintGenerateInDDL>
</FKIndexAssociation>