<?xml version = '1.0' encoding = 'UTF-8'?>
<Relation class="oracle.dbtools.crest.model.design.logical.Relation" name="FK_ORDEN_MAQUINA" directorySegmentName="seg_0" id="06DB6FDF-2794-E599-A667-B270F254995C">
<createdBy>macbook</createdBy>
<createdTime>2025-10-09 00:05:24 UTC</createdTime>
<generatorID>CE2D89DC-3E4D-0EE8-D400-37604F17CB5E</generatorID>
<ownerDesignName>Eft_S9_BV_Modelos</ownerDesignName>
<engineerTo>
<item key="B5B80CE0-F4A1-F235-9464-2EF205910B49" value="true"/>
</engineerTo>
<sourcePk>7691CF55-1955-590A-7430-B43BDE28975D</sourcePk>
<identifying>false</identifying>
<optionalSource>true</optionalSource>
<optionalTarget>false</optionalTarget>
<sourceCardinality>1</sourceCardinality>
<sourceEntity>71FCE36A-4667-EFEA-58F0-22D774AFA258</sourceEntity>
<targetCardinalityString>*</targetCardinalityString>
<targetEntity>1670BF97-329C-2B4D-95B5-E1274B5DC397</targetEntity>
<transferable>true</transferable>
<deleteRule>NO ACTION</deleteRule>
</Relation>