<?xml version = '1.0' encoding = 'UTF-8'?>
<Relation class="oracle.dbtools.crest.model.design.logical.Relation" name="FK_ASIG_MAQUINA" directorySegmentName="seg_0" id="597C7EDB-EA3D-16BC-99B7-6CB0E254994B">
<createdBy>macbook</createdBy>
<createdTime>2025-10-09 00:05:24 UTC</createdTime>
<generatorID>A973194C-95D2-BCAF-7AAE-B9C4C7EFF841</generatorID>
<ownerDesignName>Eft_S9_BV_Modelos</ownerDesignName>
<engineerTo>
<item key="B5B80CE0-F4A1-F235-9464-2EF205910B49" value="true"/>
</engineerTo>
<sourcePk>7691CF55-1955-590A-7430-B43BDE28975D</sourcePk>
<identifying>false</identifying>
<optionalSource>true</optionalSource>
<optionalTarget>true</optionalTarget>
<sourceCardinality>1</sourceCardinality>
<sourceEntity>71FCE36A-4667-EFEA-58F0-22D774AFA258</sourceEntity>
<targetCardinalityString>*</targetCardinalityString>
<targetEntity>205A24CC-6EF6-DC84-CBF2-755B09A3B6C4</targetEntity>
<transferable>true</transferable>
<deleteRule>NO ACTION</deleteRule>
</Relation>