<?xml version = '1.0' encoding = 'UTF-8'?>
<Relation class="oracle.dbtools.crest.model.design.logical.Relation" name="FK_ASIG_EMPLEADO" directorySegmentName="seg_0" id="59B0A2DB-E76D-9AAD-1F9F-1CE3363158D4">
<createdBy>macbook</createdBy>
<createdTime>2025-10-09 00:05:24 UTC</createdTime>
<generatorID>0E7BC178-944C-A995-7DD8-F09A394C60A9</generatorID>
<ownerDesignName>Eft_S9_BV_Modelos</ownerDesignName>
<engineerTo>
<item key="B5B80CE0-F4A1-F235-9464-2EF205910B49" value="true"/>
</engineerTo>
<sourcePk>775D7E23-1E35-2775-85A9-E5B3BCC1FD70</sourcePk>
<identifying>false</identifying>
<optionalSource>true</optionalSource>
<optionalTarget>false</optionalTarget>
<sourceCardinality>1</sourceCardinality>
<sourceEntity>D337EA9D-913A-0D75-763B-380E5C355385</sourceEntity>
<targetCardinalityString>*</targetCardinalityString>
<targetEntity>205A24CC-6EF6-DC84-CBF2-755B09A3B6C4</targetEntity>
<transferable>true</transferable>
<deleteRule>NO ACTION</deleteRule>
</Relation>