<?xml version = '1.0' encoding = 'UTF-8'?>
<Relation class="oracle.dbtools.crest.model.design.logical.Relation" name="FK_MAQUINA_TIPO" directorySegmentName="seg_0" id="66E9F5AC-529F-F3A4-845D-EA303D2C60C1">
<createdBy>macbook</createdBy>
<createdTime>2025-10-09 00:05:24 UTC</createdTime>
<generatorID>A0E281AA-F391-6245-AA86-BEB8F9B875C9</generatorID>
<ownerDesignName>Eft_S9_BV_Modelos</ownerDesignName>
<engineerTo>
<item key="B5B80CE0-F4A1-F235-9464-2EF205910B49" value="true"/>
</engineerTo>
<sourcePk>4E9BDCBF-DDC1-222F-2306-E3EEE335B6DF</sourcePk>
<identifying>false</identifying>
<optionalSource>true</optionalSource>
<optionalTarget>false</optionalTarget>
<sourceCardinality>1</sourceCardinality>
<sourceEntity>4A5E3F49-48BB-DD41-7EB2-A390FDC5C163</sourceEntity>
<targetCardinalityString>*</targetCardinalityString>
<targetEntity>71FCE36A-4667-EFEA-58F0-22D774AFA258</targetEntity>
<transferable>true</transferable>
<deleteRule>NO ACTION</deleteRule>
</Relation>