<?xml version = '1.0' encoding = 'UTF-8'?>
<Relation class="oracle.dbtools.crest.model.design.logical.Relation" name="FK_EMPLEADO_JEFE" directorySegmentName="seg_0" id="68EA2B33-1ED4-EC7B-8081-6F9B0963784B">
<createdBy>macbook</createdBy>
<createdTime>2025-10-09 00:05:24 UTC</createdTime>
<generatorID>38C4EBF6-AEC1-4433-3787-781C5050498C</generatorID>
<ownerDesignName>Eft_S9_BV_Modelos</ownerDesignName>
<engineerTo>
<item key="B5B80CE0-F4A1-F235-9464-2EF205910B49" value="true"/>
</engineerTo>
<targetPk>775D7E23-1E35-2775-85A9-E5B3BCC1FD70</targetPk>
<identifying>false</identifying>
<optionalSource>true</optionalSource>
<optionalTarget>true</optionalTarget>
<sourceCardinality>1</sourceCardinality>
<sourceEntity>D337EA9D-913A-0D75-763B-380E5C355385</sourceEntity>
<targetCardinalityString>*</targetCardinalityString>
<targetEntity>D337EA9D-913A-0D75-763B-380E5C355385</targetEntity>
<transferable>true</transferable>
<deleteRule>NO ACTION</deleteRule>
</Relation>