<?xml version = '1.0' encoding = 'UTF-8'?>
<Relation class="oracle.dbtools.crest.model.design.logical.Relation" name="FK_ASIG_TURNO" directorySegmentName="seg_0" id="69C9DA72-347D-776A-57B4-462E8A4C6525">
<createdBy>macbook</createdBy>
<createdTime>2025-10-09 00:05:24 UTC</createdTime>
<generatorID>76E2D3DE-0AD7-8D2B-D3CF-915EB21DF0A2</generatorID>
<ownerDesignName>Eft_S9_BV_Modelos</ownerDesignName>
<engineerTo>
<item key="B5B80CE0-F4A1-F235-9464-2EF205910B49" value="true"/>
</engineerTo>
<sourcePk>1B6ABAC0-E211-AA9A-0F08-3B7512DEC949</sourcePk>
<identifying>false</identifying>
<optionalSource>true</optionalSource>
<optionalTarget>false</optionalTarget>
<sourceCardinality>1</sourceCardinality>
<sourceEntity>CF3F260A-C197-B500-9D66-84A4217F3CF7</sourceEntity>
<targetCardinalityString>*</targetCardinalityString>
<targetEntity>205A24CC-6EF6-DC84-CBF2-755B09A3B6C4</targetEntity>
<transferable>true</transferable>
<deleteRule>NO ACTION</deleteRule>
</Relation>