<?xml version = '1.0' encoding = 'UTF-8'?>
<Relation class="oracle.dbtools.crest.model.design.logical.Relation" name="FK_PLANTA_COMUNA" directorySegmentName="seg_0" id="780EAA7E-0C2F-37B5-9B02-4518EEB53BF1">
<createdBy>macbook</createdBy>
<createdTime>2025-10-09 00:05:24 UTC</createdTime>
<generatorID>81E3D200-F38F-42E7-2709-AC395EA20EF4</generatorID>
<ownerDesignName>Eft_S9_BV_Modelos</ownerDesignName>
<engineerTo>
<item key="B5B80CE0-F4A1-F235-9464-2EF205910B49" value="true"/>
</engineerTo>
<sourcePk>6BFCAEB0-88AD-C7D0-D281-D914A0A430FD</sourcePk>
<identifying>false</identifying>
<optionalSource>true</optionalSource>
<optionalTarget>false</optionalTarget>
<sourceCardinality>1</sourceCardinality>
<sourceEntity>7F1A34CC-1EAF-D537-AC29-32F233D44752</sourceEntity>
<targetCardinalityString>*</targetCardinalityString>
<targetEntity>B833975E-CD78-6FE5-00B9-7411D0333B9E</targetEntity>
<transferable>true</transferable>
<deleteRule>NO ACTION</deleteRule>
</Relation>