<?xml version = '1.0' encoding = 'UTF-8'?>
<Relation class="oracle.dbtools.crest.model.design.logical.Relation" name="FK_ORDEN_TECNICO" directorySegmentName="seg_0" id="851CE41D-428E-25A4-1F06-30FE6290C5E1">
<createdBy>macbook</createdBy>
<createdTime>2025-10-09 00:05:24 UTC</createdTime>
<generatorID>31F2660A-61A9-B10D-B90D-A5B20B66F2B6</generatorID>
<ownerDesignName>Eft_S9_BV_Modelos</ownerDesignName>
<engineerTo>
<item key="B5B80CE0-F4A1-F235-9464-2EF205910B49" value="true"/>
</engineerTo>
<sourcePk>775D7E23-1E35-2775-85A9-E5B3BCC1FD70</sourcePk>
<identifying>false</identifying>
<optionalSource>true</optionalSource>
<optionalTarget>false</optionalTarget>
<sourceCardinality>1</sourceCardinality>
<sourceEntity>D337EA9D-913A-0D75-763B-380E5C355385</sourceEntity>
<targetCardinalityString>*</targetCardinalityString>
<targetEntity>1670BF97-329C-2B4D-95B5-E1274B5DC397</targetEntity>
<transferable>true</transferable>
<deleteRule>NO ACTION</deleteRule>
</Relation>