<?xml version = '1.0' encoding = 'UTF-8'?>
<Relation class="oracle.dbtools.crest.model.design.logical.Relation" name="FK_COMUNA_REGION" directorySegmentName="seg_0" id="C2597C9B-6AC2-4E2C-7E06-A4FA71658748">
<createdBy>macbook</createdBy>
<createdTime>2025-10-09 00:05:24 UTC</createdTime>
<generatorID>17D1948D-A7B2-7A16-76BD-9C9FDA41084B</generatorID>
<ownerDesignName>Eft_S9_BV_Modelos</ownerDesignName>
<engineerTo>
<item key="B5B80CE0-F4A1-F235-9464-2EF205910B49" value="true"/>
</engineerTo>
<sourcePk>A753B466-6D6D-4FDE-FE86-CA581F07C939</sourcePk>
<identifying>false</identifying>
<optionalSource>true</optionalSource>
<optionalTarget>false</optionalTarget>
<sourceCardinality>1</sourceCardinality>
<sourceEntity>DAD5B53C-FB6F-8D09-C0E6-2182962B7353</sourceEntity>
<targetCardinalityString>*</targetCardinalityString>
<targetEntity>7F1A34CC-1EAF-D537-AC29-32F233D44752</targetEntity>
<transferable>true</transferable>
<deleteRule>NO ACTION</deleteRule>
</Relation>