<?xml version = '1.0' encoding = 'UTF-8'?>
<Relation class="oracle.dbtools.crest.model.design.logical.Relation" name="FK_EMPLEADO_PLANTA" directorySegmentName="seg_0" id="D5B76007-D6D7-3A47-9996-654E659F7A8A">
<createdBy>macbook</createdBy>
<createdTime>2025-10-09 00:05:24 UTC</createdTime>
<generatorID>D584A7C5-0062-2E3C-9E2E-C534B59BF9D2</generatorID>
<ownerDesignName>Eft_S9_BV_Modelos</ownerDesignName>
<engineerTo>
<item key="B5B80CE0-F4A1-F235-9464-2EF205910B49" value="true"/>
</engineerTo>
<sourcePk>5E41E5CD-E504-C359-EBA8-885AF8EA13EF</sourcePk>
<identifying>false</identifying>
<optionalSource>true</optionalSource>
<optionalTarget>false</optionalTarget>
<sourceCardinality>1</sourceCardinality>
<sourceEntity>B833975E-CD78-6FE5-00B9-7411D0333B9E</sourceEntity>
<targetCardinalityString>*</targetCardinalityString>
<targetEntity>D337EA9D-913A-0D75-763B-380E5C355385</targetEntity>
<transferable>true</transferable>
<deleteRule>NO ACTION</deleteRule>
</Relation>