<?xml version = '1.0' encoding = 'UTF-8'?>
<Relation class="oracle.dbtools.crest.model.design.logical.Relation" name="FK_MAQUINA_PLANTA" directorySegmentName="seg_0" id="DC7C7313-5BD8-2A8F-10B7-74FFB2A7E1F3">
<createdBy>macbook</createdBy>
<createdTime>2025-10-09 00:05:24 UTC</createdTime>
<generatorID>00B05011-271C-B0D5-4EF0-70110849FEFA</generatorID>
<ownerDesignName>Eft_S9_BV_Modelos</ownerDesignName>
<engineerTo>
<item key="B5B80CE0-F4A1-F235-9464-2EF205910B49" value="true"/>
</engineerTo>
<sourcePk>5E41E5CD-E504-C359-EBA8-885AF8EA13EF</sourcePk>
<identifying>false</identifying>
<optionalSource>true</optionalSource>
<optionalTarget>false</optionalTarget>
<sourceCardinality>1</sourceCardinality>
<sourceEntity>B833975E-CD78-6FE5-00B9-7411D0333B9E</sourceEntity>
<targetCardinalityString>*</targetCardinalityString>
<targetEntity>71FCE36A-4667-EFEA-58F0-22D774AFA258</targetEntity>
<transferable>true</transferable>
<deleteRule>NO ACTION</deleteRule>
</Relation>