<?xml version = '1.0' encoding = 'UTF-8'?>
<Diagram class="oracle.dbtools.crest.swingui.logical.DPVLogical" name="Logical" id="582CE022-C68B-1386-408D-54BFC05654A6">
<createdBy>macbook</createdBy>
<modifiedBy>macbook</modifiedBy>
<createdTime>2025-10-09 00:05:24 UTC</createdTime>
<autoRoute>false</autoRoute>
<boxInbox>true</boxInbox>
<showLegend>false</showLegend>
<showLabels>false</showLabels>
<showRelAttributes>false</showRelAttributes>
<gridEnabled>false</gridEnabled>
<showGrid>false</showGrid>
<diagramColor>-1</diagramColor>
<display>false</display>
<notation>1</notation>
<objectViews>
<OView class="oracle.dbtools.crest.swingui.logical.TVEntity" oid="1670BF97-329C-2B4D-95B5-E1274B5DC397" otype="Entity" vid="8F1983F0-9173-5B28-5C74-5D37DF73D064">
<hideElementsInCurrentOnly>false</hideElementsInCurrentOnly>
<bounds x="20" y="461" width="271" height="154"/>
</OView>
<OView class="oracle.dbtools.crest.swingui.logical.TVEntity" oid="205A24CC-6EF6-DC84-CBF2-755B09A3B6C4" otype="Entity" vid="768BBBE7-4129-7A07-6425-6227A61E7E08">
<hideElementsInCurrentOnly>false</hideElementsInCurrentOnly>
<bounds x="371" y="20" width="238" height="167"/>
</OView>
<OView class="oracle.dbtools.crest.swingui.logical.TVEntity" oid="4A5E3F49-48BB-DD41-7EB2-A390FDC5C163" otype="Entity" vid="1FFDAB9D-A0F0-D142-2DFF-5CD730016135">
<hideElementsInCurrentOnly>false</hideElementsInCurrentOnly>
<bounds x="701" y="247" width="250" height="70"/>
</OView>
<OView class="oracle.dbtools.crest.swingui.logical.TVEntity" oid="71FCE36A-4667-EFEA-58F0-22D774AFA258" otype="Entity" vid="89ACE52D-C7C9-CAEC-44EC-BD734CA499C3">
<hideElementsInCurrentOnly>false</hideElementsInCurrentOnly>
<bounds x="371" y="247" width="250" height="154"/>
</OView>
<OView class="oracle.dbtools.crest.swingui.logical.TVEntity" oid="7F1A34CC-1EAF-D537-AC29-32F233D44752" otype="Entity" vid="CB71AEEE-28FB-ADD5-95E7-EDDD6F16453A">
<hideElementsInCurrentOnly>false</hideElementsInCurrentOnly>
<bounds x="372" y="636" width="219" height="102"/>
</OView>
<OView class="oracle.dbtools.crest.swingui.logical.TVEntity" oid="B833975E-CD78-6FE5-00B9-7411D0333B9E" otype="Entity" vid="B2FE6588-8C8D-CABF-A26A-E7EFF73738F8">
<hideElementsInCurrentOnly>false</hideElementsInCurrentOnly>
<bounds x="372" y="461" width="218" height="115"/>
</OView>
<OView class="oracle.dbtools.crest.swingui.logical.TVEntity" oid="CF3F260A-C197-B500-9D66-84A4217F3CF7" otype="Entity" vid="88F43F83-C105-EE89-B617-F6412AA06120">
<hideElementsInCurrentOnly>false</hideElementsInCurrentOnly>
<bounds x="689" y="20" width="223" height="96"/>
</OView>
<OView class="oracle.dbtools.crest.swingui.logical.TVEntity" oid="D337EA9D-913A-0D75-763B-380E5C355385" otype="Entity" vid="F389F4C1-CCEC-43CC-84E1-E5DF92B7CF1D">
<hideElementsInCurrentOnly>false</hideElementsInCurrentOnly>
<bounds x="1031" y="247" width="274" height="232"/>
</OView>
<OView class="oracle.dbtools.crest.swingui.logical.TVEntity" oid="DAD5B53C-FB6F-8D09-C0E6-2182962B7353" otype="Entity" vid="30ED585A-AEB8-89AE-9B98-CE4D09C60025">
<hideElementsInCurrentOnly>false</hideElementsInCurrentOnly>
<bounds x="372" y="798" width="210" height="83"/>
</OView>
</objectViews>
<connectors>
<Connector class="oracle.dbtools.crest.swingui.logical.TVRelation" oid="06DB6FDF-2794-E599-A667-B270F254995C" otype="Relation" vid_source="89ACE52D-C7C9-CAEC-44EC-BD734CA499C3" vid_target="8F1983F0-9173-5B28-5C74-5D37DF73D064">
<hideElementsInCurrentOnly>false</hideElementsInCurrentOnly>
<backgroundColor>-16777216</backgroundColor>
<lineWidth>1</lineWidth>
<points>
<point x="373" y="401"/>
<point x="263" y="461"/>
</points>
</Connector>
<Connector class="oracle.dbtools.crest.swingui.logical.TVRelation" oid="597C7EDB-EA3D-16BC-99B7-6CB0E254994B" otype="Relation" vid_source="89ACE52D-C7C9-CAEC-44EC-BD734CA499C3" vid_target="768BBBE7-4129-7A07-6425-6227A61E7E08">
<hideElementsInCurrentOnly>false</hideElementsInCurrentOnly>
<backgroundColor>-16777216</backgroundColor>
<lineWidth>1</lineWidth>
<points>
<point x="490" y="247"/>
<point x="490" y="187"/>
</points>
</Connector>
<Connector class="oracle.dbtools.crest.swingui.logical.TVRelation" oid="59B0A2DB-E76D-9AAD-1F9F-1CE3363158D4" otype="Relation" vid_source="F389F4C1-CCEC-43CC-84E1-E5DF92B7CF1D" vid_target="768BBBE7-4129-7A07-6425-6227A61E7E08">
<hideElementsInCurrentOnly>false</hideElementsInCurrentOnly>
<backgroundColor>-16777216</backgroundColor>
<lineWidth>1</lineWidth>
<points>
<point x="1031" y="310"/>
<point x="609" y="149"/>
</points>
</Connector>
<Connector class="oracle.dbtools.crest.swingui.logical.TVRelation" oid="66E9F5AC-529F-F3A4-845D-EA303D2C60C1" otype="Relation" vid_source="1FFDAB9D-A0F0-D142-2DFF-5CD730016135" vid_target="89ACE52D-C7C9-CAEC-44EC-BD734CA499C3">
<hideElementsInCurrentOnly>false</hideElementsInCurrentOnly>
<backgroundColor>-16777216</backgroundColor>
<lineWidth>1</lineWidth>
<points>
<point x="701" y="282"/>
<point x="621" y="282"/>
</points>
</Connector>
<Connector class="oracle.dbtools.crest.swingui.logical.TVRelation" oid="68EA2B33-1ED4-EC7B-8081-6F9B0963784B" otype="Relation" vid_source="F389F4C1-CCEC-43CC-84E1-E5DF92B7CF1D" vid_target="F389F4C1-CCEC-43CC-84E1-E5DF92B7CF1D">
<hideElementsInCurrentOnly>false</hideElementsInCurrentOnly>
<backgroundColor>-16777216</backgroundColor>
<lineWidth>1</lineWidth>
<points>
<point x="1305" y="383"/>
<point x="1355" y="383"/>
<point x="1355" y="529"/>
<point x="1192" y="529"/>
<point x="1192" y="479"/>
</points>
</Connector>
<Connector class="oracle.dbtools.crest.swingui.logical.TVRelation" oid="69C9DA72-347D-776A-57B4-462E8A4C6525" otype="Relation" vid_source="88F43F83-C105-EE89-B617-F6412AA06120" vid_target="768BBBE7-4129-7A07-6425-6227A61E7E08">
<hideElementsInCurrentOnly>false</hideElementsInCurrentOnly>
<backgroundColor>-16777216</backgroundColor>
<lineWidth>1</lineWidth>
<points>
<point x="689" y="68"/>
<point x="609" y="68"/>
</points>
</Connector>
<Connector class="oracle.dbtools.crest.swingui.logical.TVRelation" oid="780EAA7E-0C2F-37B5-9B02-4518EEB53BF1" otype="Relation" vid_source="CB71AEEE-28FB-ADD5-95E7-EDDD6F16453A" vid_target="B2FE6588-8C8D-CABF-A26A-E7EFF73738F8">
<hideElementsInCurrentOnly>false</hideElementsInCurrentOnly>
<backgroundColor>-16777216</backgroundColor>
<lineWidth>1</lineWidth>
<points>
<point x="481" y="636"/>
<point x="481" y="576"/>
</points>
</Connector>
<Connector class="oracle.dbtools.crest.swingui.logical.TVRelation" oid="851CE41D-428E-25A4-1F06-30FE6290C5E1" otype="Relation" vid_source="F389F4C1-CCEC-43CC-84E1-E5DF92B7CF1D" vid_target="8F1983F0-9173-5B28-5C74-5D37DF73D064">
<hideElementsInCurrentOnly>false</hideElementsInCurrentOnly>
<backgroundColor>-16777216</backgroundColor>
<lineWidth>1</lineWidth>
<points>
<point x="1031" y="470"/>
<point x="291" y="470"/>
</points>
</Connector>
<Connector class="oracle.dbtools.crest.swingui.logical.TVRelation" oid="C2597C9B-6AC2-4E2C-7E06-A4FA71658748" otype="Relation" vid_source="30ED585A-AEB8-89AE-9B98-CE4D09C60025" vid_target="CB71AEEE-28FB-ADD5-95E7-EDDD6F16453A">
<hideElementsInCurrentOnly>false</hideElementsInCurrentOnly>
<backgroundColor>-16777216</backgroundColor>
<lineWidth>1</lineWidth>
<points>
<point x="477" y="798"/>
<point x="477" y="738"/>
</points>
</Connector>
<Connector class="oracle.dbtools.crest.swingui.logical.TVRelation" oid="D5B76007-D6D7-3A47-9996-654E659F7A8A" otype="Relation" vid_source="B2FE6588-8C8D-CABF-A26A-E7EFF73738F8" vid_target="F389F4C1-CCEC-43CC-84E1-E5DF92B7CF1D">
<hideElementsInCurrentOnly>false</hideElementsInCurrentOnly>
<backgroundColor>-16777216</backgroundColor>
<lineWidth>1</lineWidth>
<points>
<point x="590" y="470"/>
<point x="1031" y="470"/>
</points>
</Connector>
<Connector class="oracle.dbtools.crest.swingui.logical.TVRelation" oid="DC7C7313-5BD8-2A8F-10B7-74FFB2A7E1F3" otype="Relation" vid_source="B2FE6588-8C8D-CABF-A26A-E7EFF73738F8" vid_target="89ACE52D-C7C9-CAEC-44EC-BD734CA499C3">
<hideElementsInCurrentOnly>false</hideElementsInCurrentOnly>
<backgroundColor>-16777216</backgroundColor>
<lineWidth>1</lineWidth>
<points>
<point x="481" y="461"/>
<point x="481" y="401"/>
</points>
</Connector>
</connectors>
</Diagram>