<?xml version = '1.0' encoding = 'UTF-8'?>
<UserOraclev10g class="oracle.dbtools.crest.model.design.storage.oracle.v10g.UserOraclev10g" name="ADMIN" directorySegmentName="seg_0" id="9ACD07D2-5491-AE4D-5E2C-005E76043A86">
<sourceConnName>Cristaleria_S9</sourceConnName>
<sourceObjName>ADMIN</sourceObjName>
<createdBy>macbook</createdBy>
<createdTime>2025-10-08 23:55:51 UTC</createdTime>
<ownerDesignName>Eft_S9_BV_Modelos</ownerDesignName>
<schemaObject>289E58A3-7FC2-0704-9290-C79ED1E5B722</schemaObject>
</UserOraclev10g>