<?xml version = '1.0' encoding = 'UTF-8'?>
<TableProxyOraclev12c class="oracle.dbtools.crest.model.design.storage.oracle.v12c.TableProxyOraclev12c" name="EMPLEADO" directorySegmentName="seg_0" id="2DF29975-C9C8-B8CA-70F4-AA7992CB534C">
<createdBy>macbook</createdBy>
<createdTime>2025-10-08 23:55:52 UTC</createdTime>
<ownerDesignName>Eft_S9_BV_Modelos</ownerDesignName>
<schemaObject>289E58A3-7FC2-0704-9290-C79ED1E5B722</schemaObject>
<logging>YES</logging>
<partitionedRowMovement>DISABLE</partitionedRowMovement>
<segment>30B81EA9-CBFD-30B1-F6FE-7935DDB24AD6</segment>
<tableSpace>4A997385-6004-7E13-11C7-9ECE09E3CE20</tableSpace>
<temporaryChanged>false</temporaryChanged>
<accessDriverType>oracle_loader</accessDriverType>
<rejectLimit></rejectLimit>
<inMemory>NO</inMemory>
<columnProxies itemClass="oracle.dbtools.crest.model.design.storage.oracle.v12c.ColumnProxyOraclev12c">
<ColumnProxy name="SALUD" id="3AF47406-8E94-E0B8-BD10-4711A96A87B6">
<createdBy>macbook</createdBy>
<createdTime>2025-10-08 23:55:53 UTC</createdTime>
<ownerDesignName>Eft_S9_BV_Modelos</ownerDesignName>
</ColumnProxy>
<ColumnProxy name="ESTADO_ACTIVO" id="508EC35E-368D-38DE-2AD9-A52136917B78">
<createdBy>macbook</createdBy>
<createdTime>2025-10-08 23:55:53 UTC</createdTime>
<ownerDesignName>Eft_S9_BV_Modelos</ownerDesignName>
</ColumnProxy>
<ColumnProxy name="ID_JEFE" id="55628318-89BF-BA3D-19EA-B2BFF7CBF213">
<createdBy>macbook</createdBy>
<createdTime>2025-10-08 23:55:53 UTC</createdTime>
<ownerDesignName>Eft_S9_BV_Modelos</ownerDesignName>
</ColumnProxy>
<ColumnProxy name="AFP" id="7EC4BDA2-E5C1-7073-7B03-B6F327F1E2FA">
<createdBy>macbook</createdBy>
<createdTime>2025-10-08 23:55:53 UTC</createdTime>
<ownerDesignName>Eft_S9_BV_Modelos</ownerDesignName>
</ColumnProxy>
<ColumnProxy name="ID_EMPLEADO" id="8AC8D2D9-421F-0B1E-6204-5660A71D0A99">
<createdBy>macbook</createdBy>
<createdTime>2025-10-08 23:55:53 UTC</createdTime>
<ownerDesignName>Eft_S9_BV_Modelos</ownerDesignName>
<autoIncrementDDL>IDENTITY_CLAUSE</autoIncrementDDL>
</ColumnProxy>
<ColumnProxy name="RUT" id="A9BB1651-193D-96B6-FCB7-536F80C82D11">
<createdBy>macbook</createdBy>
<createdTime>2025-10-08 23:55:53 UTC</createdTime>
<ownerDesignName>Eft_S9_BV_Modelos</ownerDesignName>
</ColumnProxy>
<ColumnProxy name="NOMBRES" id="C6F2DB57-AED3-3FA1-5118-E799FBFE5B8F">
<createdBy>macbook</createdBy>
<createdTime>2025-10-08 23:55:53 UTC</createdTime>
<ownerDesignName>Eft_S9_BV_Modelos</ownerDesignName>
</ColumnProxy>
<ColumnProxy name="FECHA_CONTRATACION" id="C83F7422-0573-2ACA-F4B7-976193E7C770">
<createdBy>macbook</createdBy>
<createdTime>2025-10-08 23:55:53 UTC</createdTime>
<ownerDesignName>Eft_S9_BV_Modelos</ownerDesignName>
</ColumnProxy>
<ColumnProxy name="APELLIDOS" id="CB47E68B-D75F-A030-BDC4-2A5874B66D8E">
<createdBy>macbook</createdBy>
<createdTime>2025-10-08 23:55:53 UTC</createdTime>
<ownerDesignName>Eft_S9_BV_Modelos</ownerDesignName>
</ColumnProxy>
<ColumnProxy name="SUELDO_BASE" id="E6A9ADED-F04B-B5B1-43AF-763BBD4DA4DF">
<createdBy>macbook</createdBy>
<createdTime>2025-10-08 23:55:53 UTC</createdTime>
<ownerDesignName>Eft_S9_BV_Modelos</ownerDesignName>
</ColumnProxy>
<ColumnProxy name="ID_PLANTA" id="F7126821-5184-E3FB-B5B8-E973D3546E6F">
<createdBy>macbook</createdBy>
<createdTime>2025-10-08 23:55:53 UTC</createdTime>
<ownerDesignName>Eft_S9_BV_Modelos</ownerDesignName>
</ColumnProxy>
</columnProxies>
<foreignKeys>
<ForeignKey class="oracle.dbtools.crest.model.design.storage.oracle.v10g.FKProxyOraclev10g" name="FK_EMPLEADO_PLANTA" id="66F48327-ADD4-7564-27D4-7CF3A2BF05EE">
<createdBy>macbook</createdBy>
<createdTime>2025-10-08 23:56:02 UTC</createdTime>
<ownerDesignName>Eft_S9_BV_Modelos</ownerDesignName>
</ForeignKey>
<ForeignKey class="oracle.dbtools.crest.model.design.storage.oracle.v10g.FKProxyOraclev10g" name="FK_EMPLEADO_JEFE" id="B9236D91-2AFF-B7D6-7330-ECF10C59761F">
<createdBy>macbook</createdBy>
<createdTime>2025-10-08 23:56:02 UTC</createdTime>
<ownerDesignName>Eft_S9_BV_Modelos</ownerDesignName>
</ForeignKey>
</foreignKeys>
<primaryKeys>
<PrimaryKey class="oracle.dbtools.crest.model.design.storage.oracle.v10g.PKProxyOraclev10g" name="EMPLEADO_PK" id="275A79C0-EE6B-E6DE-65B2-53E87B0D26CD">
<createdBy>macbook</createdBy>
<createdTime>2025-10-08 23:55:59 UTC</createdTime>
<ownerDesignName>Eft_S9_BV_Modelos</ownerDesignName>
<schemaObject>289E58A3-7FC2-0704-9290-C79ED1E5B722</schemaObject>
<segment>FD7F13F3-6179-DD75-6F38-B86BCBCE36DB</segment>
<tableSpace>4A997385-6004-7E13-11C7-9ECE09E3CE20</tableSpace>
<indexSegment>FD7F13F3-6179-DD75-6F38-B86BCBCE36DB</indexSegment>
<indexSort>SORTED</indexSort>
<usingIndex>BY INDEX NAME</usingIndex>
</PrimaryKey>
</primaryKeys>
<uniqueKeys>
<UniqueKey class="oracle.dbtools.crest.model.design.storage.oracle.v10g.UniqueOraclev10g" name="EMPLEADO_RUT_UN" id="D55288D0-1ADE-C0C9-8862-C4F5B18324E9">
<createdBy>macbook</createdBy>
<createdTime>2025-10-08 23:55:59 UTC</createdTime>
<ownerDesignName>Eft_S9_BV_Modelos</ownerDesignName>
<schemaObject>289E58A3-7FC2-0704-9290-C79ED1E5B722</schemaObject>
<segment>FD7F13F3-6179-DD75-6F38-B86BCBCE36DB</segment>
<tableSpace>4A997385-6004-7E13-11C7-9ECE09E3CE20</tableSpace>
<indexSegment>FD7F13F3-6179-DD75-6F38-B86BCBCE36DB</indexSegment>
<indexSort>SORTED</indexSort>
<usingIndex>BY INDEX NAME</usingIndex>
</UniqueKey>
</uniqueKeys>
</TableProxyOraclev12c>