<?xml version = '1.0' encoding = 'UTF-8'?>
<TableProxyOraclev12c class="oracle.dbtools.crest.model.design.storage.oracle.v12c.TableProxyOraclev12c" name="REGION" directorySegmentName="seg_0" id="8101B617-F0D5-F285-923E-F176543CA828">
<createdBy>macbook</createdBy>
<createdTime>2025-10-08 23:55:52 UTC</createdTime>
<ownerDesignName>Eft_S9_BV_Modelos</ownerDesignName>
<schemaObject>289E58A3-7FC2-0704-9290-C79ED1E5B722</schemaObject>
<logging>YES</logging>
<partitionedRowMovement>DISABLE</partitionedRowMovement>
<segment>30B81EA9-CBFD-30B1-F6FE-7935DDB24AD6</segment>
<tableSpace>4A997385-6004-7E13-11C7-9ECE09E3CE20</tableSpace>
<temporaryChanged>false</temporaryChanged>
<accessDriverType>oracle_loader</accessDriverType>
<rejectLimit></rejectLimit>
<inMemory>NO</inMemory>
<columnProxies itemClass="oracle.dbtools.crest.model.design.storage.oracle.v12c.ColumnProxyOraclev12c">
<ColumnProxy name="NOMBRE" id="6D442019-9A73-E585-B000-C24230056563">
<createdBy>macbook</createdBy>
<createdTime>2025-10-08 23:55:53 UTC</createdTime>
<ownerDesignName>Eft_S9_BV_Modelos</ownerDesignName>
</ColumnProxy>
<ColumnProxy name="ID_REGION" id="D6C93E3A-E45A-E058-F904-C052805F24D3">
<createdBy>macbook</createdBy>
<createdTime>2025-10-08 23:55:53 UTC</createdTime>
<ownerDesignName>Eft_S9_BV_Modelos</ownerDesignName>
<autoIncrementDDL>IDENTITY_CLAUSE</autoIncrementDDL>
</ColumnProxy>
</columnProxies>
<primaryKeys>
<PrimaryKey class="oracle.dbtools.crest.model.design.storage.oracle.v10g.PKProxyOraclev10g" name="REGION_PK" id="EF311445-A079-192A-5C43-45FCEA5AEB36">
<createdBy>macbook</createdBy>
<createdTime>2025-10-08 23:55:59 UTC</createdTime>
<ownerDesignName>Eft_S9_BV_Modelos</ownerDesignName>
<schemaObject>289E58A3-7FC2-0704-9290-C79ED1E5B722</schemaObject>
<segment>FD7F13F3-6179-DD75-6F38-B86BCBCE36DB</segment>
<tableSpace>4A997385-6004-7E13-11C7-9ECE09E3CE20</tableSpace>
<indexSegment>FD7F13F3-6179-DD75-6F38-B86BCBCE36DB</indexSegment>
<indexSort>SORTED</indexSort>
<usingIndex>BY INDEX NAME</usingIndex>
</PrimaryKey>
</primaryKeys>
<uniqueKeys>
<UniqueKey class="oracle.dbtools.crest.model.design.storage.oracle.v10g.UniqueOraclev10g" name="REGION_NOMBRE_UN" id="4199CC9F-48FB-D1BC-5CB1-8BB7645DD2C6">
<createdBy>macbook</createdBy>
<createdTime>2025-10-08 23:55:59 UTC</createdTime>
<ownerDesignName>Eft_S9_BV_Modelos</ownerDesignName>
<schemaObject>289E58A3-7FC2-0704-9290-C79ED1E5B722</schemaObject>
<segment>FD7F13F3-6179-DD75-6F38-B86BCBCE36DB</segment>
<tableSpace>4A997385-6004-7E13-11C7-9ECE09E3CE20</tableSpace>
<indexSegment>FD7F13F3-6179-DD75-6F38-B86BCBCE36DB</indexSegment>
<indexSort>SORTED</indexSort>
<usingIndex>BY INDEX NAME</usingIndex>
</UniqueKey>
</uniqueKeys>
</TableProxyOraclev12c>