<?xml version = '1.0' encoding = 'UTF-8'?>
<TableProxyOraclev12c class="oracle.dbtools.crest.model.design.storage.oracle.v12c.TableProxyOraclev12c" name="TURNO" directorySegmentName="seg_0" id="8E170CB0-3727-E7AB-F2FC-9C9AEC350A4E">
<createdBy>macbook</createdBy>
<createdTime>2025-10-08 23:55:52 UTC</createdTime>
<ownerDesignName>Eft_S9_BV_Modelos</ownerDesignName>
<schemaObject>289E58A3-7FC2-0704-9290-C79ED1E5B722</schemaObject>
<logging>YES</logging>
<partitionedRowMovement>DISABLE</partitionedRowMovement>
<segment>30B81EA9-CBFD-30B1-F6FE-7935DDB24AD6</segment>
<tableSpace>4A997385-6004-7E13-11C7-9ECE09E3CE20</tableSpace>
<temporaryChanged>false</temporaryChanged>
<accessDriverType>oracle_loader</accessDriverType>
<rejectLimit></rejectLimit>
<inMemory>NO</inMemory>
<columnProxies itemClass="oracle.dbtools.crest.model.design.storage.oracle.v12c.ColumnProxyOraclev12c">
<ColumnProxy name="ID_TURNO" id="16F79E82-B10F-4ED4-F479-F2481CBC2410">
<createdBy>macbook</createdBy>
<createdTime>2025-10-08 23:55:53 UTC</createdTime>
<ownerDesignName>Eft_S9_BV_Modelos</ownerDesignName>
<autoIncrementDDL>IDENTITY_CLAUSE</autoIncrementDDL>
</ColumnProxy>
<ColumnProxy name="NOMBRE" id="58DCFE5A-A369-9B97-2653-6520EBC9D16A">
<createdBy>macbook</createdBy>
<createdTime>2025-10-08 23:55:53 UTC</createdTime>
<ownerDesignName>Eft_S9_BV_Modelos</ownerDesignName>
</ColumnProxy>
<ColumnProxy name="HORA_INICIO" id="6E3EE0CB-A7C2-359C-44F6-A1E9A407EBB0">
<createdBy>macbook</createdBy>
<createdTime>2025-10-08 23:55:53 UTC</createdTime>
<ownerDesignName>Eft_S9_BV_Modelos</ownerDesignName>
</ColumnProxy>
<ColumnProxy name="HORA_FIN" id="8EC003DD-379A-F650-F189-861625B0EB7C">
<createdBy>macbook</createdBy>
<createdTime>2025-10-08 23:55:53 UTC</createdTime>
<ownerDesignName>Eft_S9_BV_Modelos</ownerDesignName>
</ColumnProxy>
</columnProxies>
<primaryKeys>
<PrimaryKey class="oracle.dbtools.crest.model.design.storage.oracle.v10g.PKProxyOraclev10g" name="TURNO_PK" id="5350DD5A-63A9-01FB-29F3-88A293296BE5">
<createdBy>macbook</createdBy>
<createdTime>2025-10-08 23:55:59 UTC</createdTime>
<ownerDesignName>Eft_S9_BV_Modelos</ownerDesignName>
<schemaObject>289E58A3-7FC2-0704-9290-C79ED1E5B722</schemaObject>
<segment>FD7F13F3-6179-DD75-6F38-B86BCBCE36DB</segment>
<tableSpace>4A997385-6004-7E13-11C7-9ECE09E3CE20</tableSpace>
<indexSegment>FD7F13F3-6179-DD75-6F38-B86BCBCE36DB</indexSegment>
<indexSort>SORTED</indexSort>
<usingIndex>BY INDEX NAME</usingIndex>
</PrimaryKey>
</primaryKeys>
</TableProxyOraclev12c>