<?xml version = '1.0' encoding = 'UTF-8'?>
<TableProxyOraclev12c class="oracle.dbtools.crest.model.design.storage.oracle.v12c.TableProxyOraclev12c" name="MAQUINA" directorySegmentName="seg_0" id="B2FE2F33-A004-778D-2E68-78F73AE03CC5">
<createdBy>macbook</createdBy>
<createdTime>2025-10-08 23:55:52 UTC</createdTime>
<ownerDesignName>Eft_S9_BV_Modelos</ownerDesignName>
<schemaObject>289E58A3-7FC2-0704-9290-C79ED1E5B722</schemaObject>
<logging>YES</logging>
<partitionedRowMovement>DISABLE</partitionedRowMovement>
<segment>30B81EA9-CBFD-30B1-F6FE-7935DDB24AD6</segment>
<tableSpace>4A997385-6004-7E13-11C7-9ECE09E3CE20</tableSpace>
<temporaryChanged>false</temporaryChanged>
<accessDriverType>oracle_loader</accessDriverType>
<rejectLimit></rejectLimit>
<inMemory>NO</inMemory>
<columnProxies itemClass="oracle.dbtools.crest.model.design.storage.oracle.v12c.ColumnProxyOraclev12c">
<ColumnProxy name="ID_MAQUINA" id="9FF0AA50-5E24-0F9C-0347-1D999306EF92">
<createdBy>macbook</createdBy>
<createdTime>2025-10-08 23:55:53 UTC</createdTime>
<ownerDesignName>Eft_S9_BV_Modelos</ownerDesignName>
<autoIncrementDDL>IDENTITY_CLAUSE</autoIncrementDDL>
</ColumnProxy>
<ColumnProxy name="ID_PLANTA" id="B8262DA5-4976-CCA2-282F-48029124363E">
<createdBy>macbook</createdBy>
<createdTime>2025-10-08 23:55:53 UTC</createdTime>
<ownerDesignName>Eft_S9_BV_Modelos</ownerDesignName>
</ColumnProxy>
<ColumnProxy name="NOMBRE" id="CA30DD21-2F1D-BD68-B304-9514554B6F3A">
<createdBy>macbook</createdBy>
<createdTime>2025-10-08 23:55:53 UTC</createdTime>
<ownerDesignName>Eft_S9_BV_Modelos</ownerDesignName>
</ColumnProxy>
<ColumnProxy name="NUMERO_MAQUINA" id="CA81CFD3-4976-05EC-C66C-520D492F221A">
<createdBy>macbook</createdBy>
<createdTime>2025-10-08 23:55:53 UTC</createdTime>
<ownerDesignName>Eft_S9_BV_Modelos</ownerDesignName>
</ColumnProxy>
<ColumnProxy name="ID_TIPO_MAQUINA" id="D827EE0F-5781-DB88-0DB7-FEDF9CC18C34">
<createdBy>macbook</createdBy>
<createdTime>2025-10-08 23:55:53 UTC</createdTime>
<ownerDesignName>Eft_S9_BV_Modelos</ownerDesignName>
</ColumnProxy>
<ColumnProxy name="ESTADO_ACTIVO" id="F55039A4-28C9-9C98-7187-9A57F30F606F">
<createdBy>macbook</createdBy>
<createdTime>2025-10-08 23:55:53 UTC</createdTime>
<ownerDesignName>Eft_S9_BV_Modelos</ownerDesignName>
</ColumnProxy>
</columnProxies>
<foreignKeys>
<ForeignKey class="oracle.dbtools.crest.model.design.storage.oracle.v10g.FKProxyOraclev10g" name="FK_MAQUINA_PLANTA" id="0055DB64-01E1-FB43-1B17-830E4415E0A3">
<createdBy>macbook</createdBy>
<createdTime>2025-10-08 23:56:02 UTC</createdTime>
<ownerDesignName>Eft_S9_BV_Modelos</ownerDesignName>
</ForeignKey>
<ForeignKey class="oracle.dbtools.crest.model.design.storage.oracle.v10g.FKProxyOraclev10g" name="FK_MAQUINA_TIPO" id="54F775EE-081F-E15F-5BB5-0069BDF93A1B">
<createdBy>macbook</createdBy>
<createdTime>2025-10-08 23:56:02 UTC</createdTime>
<ownerDesignName>Eft_S9_BV_Modelos</ownerDesignName>
</ForeignKey>
</foreignKeys>
<primaryKeys>
<PrimaryKey class="oracle.dbtools.crest.model.design.storage.oracle.v10g.PKProxyOraclev10g" name="MAQUINA_PK" id="D702B94E-AE91-3369-7DCE-08D0A3D8EC21">
<createdBy>macbook</createdBy>
<createdTime>2025-10-08 23:55:59 UTC</createdTime>
<ownerDesignName>Eft_S9_BV_Modelos</ownerDesignName>
<schemaObject>289E58A3-7FC2-0704-9290-C79ED1E5B722</schemaObject>
<segment>FD7F13F3-6179-DD75-6F38-B86BCBCE36DB</segment>
<tableSpace>4A997385-6004-7E13-11C7-9ECE09E3CE20</tableSpace>
<indexSegment>FD7F13F3-6179-DD75-6F38-B86BCBCE36DB</indexSegment>
<indexSort>SORTED</indexSort>
<usingIndex>BY INDEX NAME</usingIndex>
</PrimaryKey>
</primaryKeys>
</TableProxyOraclev12c>