<?xml version = '1.0' encoding = 'UTF-8'?>
<TableProxyOraclev12c class="oracle.dbtools.crest.model.design.storage.oracle.v12c.TableProxyOraclev12c" name="ORDEN_MANTENCION" directorySegmentName="seg_0" id="EBAFF780-9AD1-B7F3-E963-6AC81DA4865D">
<createdBy>macbook</createdBy>
<createdTime>2025-10-08 23:55:52 UTC</createdTime>
<ownerDesignName>Eft_S9_BV_Modelos</ownerDesignName>
<schemaObject>289E58A3-7FC2-0704-9290-C79ED1E5B722</schemaObject>
<logging>YES</logging>
<partitionedRowMovement>DISABLE</partitionedRowMovement>
<segment>427334A8-0EB9-F251-4552-9FA0482DEEB4</segment>
<tableSpace>4A997385-6004-7E13-11C7-9ECE09E3CE20</tableSpace>
<temporaryChanged>false</temporaryChanged>
<accessDriverType>oracle_loader</accessDriverType>
<rejectLimit></rejectLimit>
<inMemory>NO</inMemory>
<columnProxies itemClass="oracle.dbtools.crest.model.design.storage.oracle.v12c.ColumnProxyOraclev12c">
<ColumnProxy name="ID_TECNICO" id="4C6399D7-F813-EA18-BA2D-953158B5D679">
<createdBy>macbook</createdBy>
<createdTime>2025-10-08 23:55:53 UTC</createdTime>
<ownerDesignName>Eft_S9_BV_Modelos</ownerDesignName>
</ColumnProxy>
<ColumnProxy name="ID_ORDEN" id="5984201B-341D-1A59-2012-09B55E4D9C5C">
<createdBy>macbook</createdBy>
<createdTime>2025-10-08 23:55:53 UTC</createdTime>
<ownerDesignName>Eft_S9_BV_Modelos</ownerDesignName>
<autoIncrementDDL>IDENTITY_CLAUSE</autoIncrementDDL>
</ColumnProxy>
<ColumnProxy name="ID_MAQUINA" id="678F4A4A-0947-DC32-03E2-B648574ED9F2">
<createdBy>macbook</createdBy>
<createdTime>2025-10-08 23:55:53 UTC</createdTime>
<ownerDesignName>Eft_S9_BV_Modelos</ownerDesignName>
</ColumnProxy>
<ColumnProxy name="FECHA_EJECUCION" id="6A3D64E6-9BBB-E3E4-1C2D-8F41F4EE9A81">
<createdBy>macbook</createdBy>
<createdTime>2025-10-08 23:55:53 UTC</createdTime>
<ownerDesignName>Eft_S9_BV_Modelos</ownerDesignName>
</ColumnProxy>
<ColumnProxy name="FECHA_PROGRAMADA" id="77407FA6-C024-FADC-1110-261CA75B3263">
<createdBy>macbook</createdBy>
<createdTime>2025-10-08 23:55:53 UTC</createdTime>
<ownerDesignName>Eft_S9_BV_Modelos</ownerDesignName>
</ColumnProxy>
<ColumnProxy name="DESCRIPCION" id="8AD43582-FC17-3FDD-4A7F-4B163C757BAC">
<createdBy>macbook</createdBy>
<createdTime>2025-10-08 23:55:53 UTC</createdTime>
<ownerDesignName>Eft_S9_BV_Modelos</ownerDesignName>
</ColumnProxy>
</columnProxies>
<foreignKeys>
<ForeignKey class="oracle.dbtools.crest.model.design.storage.oracle.v10g.FKProxyOraclev10g" name="FK_ORDEN_MAQUINA" id="5E7E273F-28EA-D378-3ABA-D7F900BE0246">
<createdBy>macbook</createdBy>
<createdTime>2025-10-08 23:56:02 UTC</createdTime>
<ownerDesignName>Eft_S9_BV_Modelos</ownerDesignName>
</ForeignKey>
<ForeignKey class="oracle.dbtools.crest.model.design.storage.oracle.v10g.FKProxyOraclev10g" name="FK_ORDEN_TECNICO" id="E623933E-691C-97BA-2AAD-4B68BA9C8C1A">
<createdBy>macbook</createdBy>
<createdTime>2025-10-08 23:56:02 UTC</createdTime>
<ownerDesignName>Eft_S9_BV_Modelos</ownerDesignName>
</ForeignKey>
</foreignKeys>
<primaryKeys>
<PrimaryKey class="oracle.dbtools.crest.model.design.storage.oracle.v10g.PKProxyOraclev10g" name="ORDEN_MANTENCION_PK" id="39F1E48A-70F9-BC38-E0EC-739A7300B122">
<createdBy>macbook</createdBy>
<createdTime>2025-10-08 23:55:59 UTC</createdTime>
<ownerDesignName>Eft_S9_BV_Modelos</ownerDesignName>
<schemaObject>289E58A3-7FC2-0704-9290-C79ED1E5B722</schemaObject>
<segment>27D7FD71-9147-92A8-7918-5E8D3690EAC1</segment>
<tableSpace>4A997385-6004-7E13-11C7-9ECE09E3CE20</tableSpace>
<indexSegment>27D7FD71-9147-92A8-7918-5E8D3690EAC1</indexSegment>
<indexSort>SORTED</indexSort>
<usingIndex>BY INDEX NAME</usingIndex>
</PrimaryKey>
</primaryKeys>
</TableProxyOraclev12c>