<?xml version = '1.0' encoding = 'UTF-8'?>
<Diagram class="oracle.dbtools.crest.swingui.logical.DPVLogical" name="Logical" id="A4959F66-D74E-88F4-3EC7-CE98DB3FD093">
<createdBy>macbook</createdBy>
<modifiedBy>macbook</modifiedBy>
<createdTime>2025-08-31 00:02:56 UTC</createdTime>
<autoRoute>false</autoRoute>
<boxInbox>true</boxInbox>
<showLegend>false</showLegend>
<showLabels>false</showLabels>
<showRelAttributes>false</showRelAttributes>
<gridEnabled>false</gridEnabled>
<showGrid>false</showGrid>
<diagramColor>-1</diagramColor>
<display>false</display>
<notation>0</notation>
<objectViews>
<OView class="oracle.dbtools.crest.swingui.logical.TVEntity" oid="20F171CE-AFDB-72CA-8EE8-97BC3528D67B" otype="Entity" vid="70B40695-8CF2-BE00-1A55-9C55CEFF06B7">
<hideElementsInCurrentOnly>false</hideElementsInCurrentOnly>
<bounds x="10" y="440" width="219" height="133"/>
</OView>
<OView class="oracle.dbtools.crest.swingui.logical.TVEntity" oid="231D0BC5-0D1C-2D26-9A39-A677CBB3F57C" otype="Entity" vid="12D7E230-C6D5-FDE3-F908-E8DC6918343B">
<hideElementsInCurrentOnly>false</hideElementsInCurrentOnly>
<bounds x="848" y="447" width="340" height="350"/>
</OView>
<OView class="oracle.dbtools.crest.swingui.logical.TVEntity" oid="676F8F59-B96E-03BF-ADE4-0EC113F63502" otype="Entity" vid="52C67EFF-2282-5BAC-123F-71AB1E168E40">
<hideElementsInCurrentOnly>false</hideElementsInCurrentOnly>
<bounds x="853" y="552" width="314" height="110"/>
</OView>
<OView class="oracle.dbtools.crest.swingui.logical.TVEntity" oid="6F48CB4D-6DFF-20EB-D287-0B821E3784A3" otype="Entity" vid="3632CE5E-5D0A-EC45-A313-EA4440B6DD61">
<hideElementsInCurrentOnly>false</hideElementsInCurrentOnly>
<bounds x="308" y="448" width="315" height="350"/>
</OView>
<OView class="oracle.dbtools.crest.swingui.logical.TVEntity" oid="9D70FD2D-8745-5B51-B0CD-C5D4A2273412" otype="Entity" vid="B12613B3-DFC4-3D1C-7D25-9F0A1CF3EB34">
<hideElementsInCurrentOnly>false</hideElementsInCurrentOnly>
<bounds x="318" y="678" width="260" height="110"/>
</OView>
<OView class="oracle.dbtools.crest.swingui.logical.TVEntity" oid="9E9B881E-05EC-B44C-B149-7288579C58CD" otype="Entity" vid="8353CFF8-E86B-1BCE-91E7-9FF20FC1642C">
<hideElementsInCurrentOnly>false</hideElementsInCurrentOnly>
<bounds x="235" y="8" width="762" height="110"/>
</OView>
<OView class="oracle.dbtools.crest.swingui.logical.TVEntity" oid="A4917434-B24B-909B-AF0E-059B2F136098" otype="Entity" vid="12BCFC27-7BBB-F561-7684-A0035AD3841F">
<hideElementsInCurrentOnly>false</hideElementsInCurrentOnly>
<bounds x="12" y="628" width="211" height="143"/>
</OView>
<OView class="oracle.dbtools.crest.swingui.logical.TVEntity" oid="BFDDCBDD-B43B-4DA5-9C38-4AAFC41ECB0D" otype="Entity" vid="ECFFCBE6-F657-4702-B2BC-9D56652D810D">
<hideElementsInCurrentOnly>false</hideElementsInCurrentOnly>
<bounds x="854" y="668" width="314" height="110"/>
</OView>
<OView class="oracle.dbtools.crest.swingui.logical.TVEntity" oid="C032C723-5852-8AFD-F816-F4680DC7A01A" otype="Entity" vid="EBBC00FA-AA73-5DA8-A4A6-ABD887831A8B">
<hideElementsInCurrentOnly>false</hideElementsInCurrentOnly>
<bounds x="476" y="165" width="333" height="123"/>
</OView>
<OView class="oracle.dbtools.crest.swingui.logical.TVEntity" oid="DFCEEDC5-93D8-0ED0-ADCB-B04A790EA0C8" otype="Entity" vid="A83453D5-9EB0-4A56-B6A2-1F4E080E3F64">
<hideElementsInCurrentOnly>false</hideElementsInCurrentOnly>
<bounds x="318" y="565" width="260" height="110"/>
</OView>
<OView class="oracle.dbtools.crest.swingui.logical.TVEntity" oid="E29D4E27-64E7-EE6A-F8AC-9D93112DE7D9" otype="Entity" vid="F7D88DB1-2866-1DE8-5971-B4E4CFEF6681">
<hideElementsInCurrentOnly>false</hideElementsInCurrentOnly>
<bounds x="286" y="308" width="931" height="519"/>
</OView>
<OView class="oracle.dbtools.crest.swingui.logical.TVEntity" oid="E63961E6-EDF5-3256-8FB7-572E61550FEE" otype="Entity" vid="A7B9FB7E-57A9-BD00-786A-A1DDE76B3440">
<hideElementsInCurrentOnly>false</hideElementsInCurrentOnly>
<bounds x="629" y="446" width="217" height="110"/>
</OView>
</objectViews>
<connectors>
<Connector class="oracle.dbtools.crest.swingui.logical.TVRelation" oid="22F6FBFB-36B4-5E01-2169-92BA34BAA278" otype="Relation" vid_source="3632CE5E-5D0A-EC45-A313-EA4440B6DD61" vid_target="12BCFC27-7BBB-F561-7684-A0035AD3841F">
<hideElementsInCurrentOnly>false</hideElementsInCurrentOnly>
<backgroundColor>-16777216</backgroundColor>
<lineWidth>1</lineWidth>
<points>
<point x="308" y="699"/>
<point x="223" y="699"/>
</points>
</Connector>
<Connector class="oracle.dbtools.crest.swingui.logical.TVInheritanceRelation" oid="534FF77C-0DFA-2192-6141-0CBD73C94F18" otype="Hierarchy relation" vid_source="F7D88DB1-2866-1DE8-5971-B4E4CFEF6681" vid_target="12D7E230-C6D5-FDE3-F908-E8DC6918343B">
<hideElementsInCurrentOnly>false</hideElementsInCurrentOnly>
<backgroundColor>-65536</backgroundColor>
<lineWidth>1</lineWidth>
</Connector>
<Connector class="oracle.dbtools.crest.swingui.logical.TVRelation" oid="59F86461-9010-8D1E-74C7-3E624B50B0EC" otype="Relation" vid_source="A7B9FB7E-57A9-BD00-786A-A1DDE76B3440" vid_target="70B40695-8CF2-BE00-1A55-9C55CEFF06B7">
<hideElementsInCurrentOnly>false</hideElementsInCurrentOnly>
<backgroundColor>-16777216</backgroundColor>
<lineWidth>1</lineWidth>
<points>
<point x="755" y="556"/>
<point x="755" y="852"/>
<point x="269" y="849"/>
<point x="266" y="551"/>
<point x="229" y="551"/>
</points>
</Connector>
<Connector class="oracle.dbtools.crest.swingui.logical.TVRelation" oid="7340FDD1-6AAA-E041-604F-98AF83704702" otype="Relation" vid_source="70B40695-8CF2-BE00-1A55-9C55CEFF06B7" vid_target="12BCFC27-7BBB-F561-7684-A0035AD3841F">
<hideElementsInCurrentOnly>false</hideElementsInCurrentOnly>
<backgroundColor>-16777216</backgroundColor>
<lineWidth>1</lineWidth>
<points>
<point x="117" y="573"/>
<point x="117" y="628"/>
</points>
</Connector>
<Connector class="oracle.dbtools.crest.swingui.logical.TVRelation" oid="755953BB-8C20-A2CB-BCC1-7ABDC64D026D" otype="Relation" vid_source="12D7E230-C6D5-FDE3-F908-E8DC6918343B" vid_target="8353CFF8-E86B-1BCE-91E7-9FF20FC1642C">
<hideElementsInCurrentOnly>false</hideElementsInCurrentOnly>
<backgroundColor>-16777216</backgroundColor>
<lineWidth>1</lineWidth>
<points>
<point x="937" y="447"/>
<point x="937" y="118"/>
</points>
</Connector>
<Connector class="oracle.dbtools.crest.swingui.logical.TVInheritanceRelation" oid="777FAEBF-78D3-C7E7-2AF8-DD1395AD954E" otype="Hierarchy relation" vid_source="3632CE5E-5D0A-EC45-A313-EA4440B6DD61" vid_target="A83453D5-9EB0-4A56-B6A2-1F4E080E3F64">
<hideElementsInCurrentOnly>false</hideElementsInCurrentOnly>
<backgroundColor>-65536</backgroundColor>
<lineWidth>1</lineWidth>
</Connector>
<Connector class="oracle.dbtools.crest.swingui.logical.TVInheritanceRelation" oid="7D13610E-76B5-45F1-D70F-FECD6013938B" otype="Hierarchy relation" vid_source="F7D88DB1-2866-1DE8-5971-B4E4CFEF6681" vid_target="3632CE5E-5D0A-EC45-A313-EA4440B6DD61">
<hideElementsInCurrentOnly>false</hideElementsInCurrentOnly>
<backgroundColor>-65536</backgroundColor>
<lineWidth>1</lineWidth>
</Connector>
<Connector class="oracle.dbtools.crest.swingui.logical.TVRelation" oid="8D9CEA78-DA59-8BA5-9C8A-F48D5B8DD65C" otype="Relation" vid_source="8353CFF8-E86B-1BCE-91E7-9FF20FC1642C" vid_target="EBBC00FA-AA73-5DA8-A4A6-ABD887831A8B">
<hideElementsInCurrentOnly>false</hideElementsInCurrentOnly>
<backgroundColor>-16777216</backgroundColor>
<lineWidth>1</lineWidth>
<points>
<point x="642" y="118"/>
<point x="642" y="165"/>
</points>
</Connector>
<Connector class="oracle.dbtools.crest.swingui.logical.TVInheritanceRelation" oid="94AE6BA1-D65E-D6BB-B925-7C0C61DAB46F" otype="Hierarchy relation" vid_source="12D7E230-C6D5-FDE3-F908-E8DC6918343B" vid_target="52C67EFF-2282-5BAC-123F-71AB1E168E40">
<hideElementsInCurrentOnly>false</hideElementsInCurrentOnly>
<backgroundColor>-65536</backgroundColor>
<lineWidth>1</lineWidth>
</Connector>
<Connector class="oracle.dbtools.crest.swingui.logical.TVInheritanceRelation" oid="B0907B09-0B34-614E-9B60-1614E8272193" otype="Hierarchy relation" vid_source="F7D88DB1-2866-1DE8-5971-B4E4CFEF6681" vid_target="A7B9FB7E-57A9-BD00-786A-A1DDE76B3440">
<hideElementsInCurrentOnly>false</hideElementsInCurrentOnly>
<backgroundColor>-65536</backgroundColor>
<lineWidth>1</lineWidth>
</Connector>
<Connector class="oracle.dbtools.crest.swingui.logical.TVInheritanceRelation" oid="BC26CE32-8FB4-7878-5248-64F8FD1FB191" otype="Hierarchy relation" vid_source="12D7E230-C6D5-FDE3-F908-E8DC6918343B" vid_target="ECFFCBE6-F657-4702-B2BC-9D56652D810D">
<hideElementsInCurrentOnly>false</hideElementsInCurrentOnly>
<backgroundColor>-65536</backgroundColor>
<lineWidth>1</lineWidth>
</Connector>
<Connector class="oracle.dbtools.crest.swingui.logical.TVRelation" oid="D4DE5AB7-052A-5541-EC10-1DE2443867C9" otype="Relation" vid_source="52C67EFF-2282-5BAC-123F-71AB1E168E40" vid_target="52C67EFF-2282-5BAC-123F-71AB1E168E40">
<hideElementsInCurrentOnly>false</hideElementsInCurrentOnly>
<backgroundColor>-16777216</backgroundColor>
<lineWidth>1</lineWidth>
<points>
<point x="1167" y="633"/>
<point x="1205" y="633"/>
<point x="1207" y="576"/>
<point x="1167" y="576"/>
</points>
</Connector>
<Connector class="oracle.dbtools.crest.swingui.logical.TVInheritanceRelation" oid="D7534CB8-6CFF-A148-0100-44ABA5139E8F" otype="Hierarchy relation" vid_source="3632CE5E-5D0A-EC45-A313-EA4440B6DD61" vid_target="B12613B3-DFC4-3D1C-7D25-9F0A1CF3EB34">
<hideElementsInCurrentOnly>false</hideElementsInCurrentOnly>
<backgroundColor>-65536</backgroundColor>
<lineWidth>1</lineWidth>
</Connector>
<Connector class="oracle.dbtools.crest.swingui.logical.TVRelation" oid="E24048E9-AAD0-8439-ACB5-B18B06514370" otype="Relation" vid_source="EBBC00FA-AA73-5DA8-A4A6-ABD887831A8B" vid_target="3632CE5E-5D0A-EC45-A313-EA4440B6DD61">
<hideElementsInCurrentOnly>false</hideElementsInCurrentOnly>
<backgroundColor>-16777216</backgroundColor>
<lineWidth>1</lineWidth>
<points>
<point x="549" y="288"/>
<point x="549" y="448"/>
</points>
</Connector>
</connectors>
</Diagram>