<?xml version = '1.0' encoding = 'UTF-8'?>
<Relation class="oracle.dbtools.crest.model.design.logical.Relation" name="Anexo-Residente" directorySegmentName="seg_0" id="22F6FBFB-36B4-5E01-2169-92BA34BAA278">
<createdBy>macbook</createdBy>
<createdTime>2025-08-31 01:43:56 UTC</createdTime>
<ownerDesignName>Exp1_S3_Bastian_Valdivia</ownerDesignName>
<engineerTo>
<item key="B02159A5-A3E1-6530-4CC1-4ED5532DEA21" value="true"/>
</engineerTo>
<sourcePk>FF905241-1BA1-2360-5CBF-68194E92E660</sourcePk>
<identifying>false</identifying>
<optionalSource>true</optionalSource>
<optionalTarget>false</optionalTarget>
<sourceCardinality>1</sourceCardinality>
<sourceEntity>6F48CB4D-6DFF-20EB-D287-0B821E3784A3</sourceEntity>
<targetCardinalityString>*</targetCardinalityString>
<targetEntity>A4917434-B24B-909B-AF0E-059B2F136098</targetEntity>
<transferable>true</transferable>
<deleteRule>NO ACTION</deleteRule>
</Relation>