<?xml version = '1.0' encoding = 'UTF-8'?>
<Relation class="oracle.dbtools.crest.model.design.logical.Relation" name="Apoderado-Contrato" directorySegmentName="seg_0" id="59F86461-9010-8D1E-74C7-3E624B50B0EC">
<createdBy>macbook</createdBy>
<createdTime>2025-08-31 01:38:00 UTC</createdTime>
<ownerDesignName>Exp1_S3_Bastian_Valdivia</ownerDesignName>
<engineerTo>
<item key="B02159A5-A3E1-6530-4CC1-4ED5532DEA21" value="true"/>
</engineerTo>
<sourcePk>31E708F2-711A-7CC1-70AE-29CFF169FA2B</sourcePk>
<identifying>false</identifying>
<optionalSource>true</optionalSource>
<optionalTarget>false</optionalTarget>
<sourceCardinality>1</sourceCardinality>
<sourceEntity>E63961E6-EDF5-3256-8FB7-572E61550FEE</sourceEntity>
<targetCardinalityString>*</targetCardinalityString>
<targetEntity>20F171CE-AFDB-72CA-8EE8-97BC3528D67B</targetEntity>
<transferable>true</transferable>
<deleteRule>NO ACTION</deleteRule>
</Relation>