<?xml version = '1.0' encoding = 'UTF-8'?>
<Relation class="oracle.dbtools.crest.model.design.logical.Relation" name="Contrato-Anexo" directorySegmentName="seg_0" id="7340FDD1-6AAA-E041-604F-98AF83704702">
<createdBy>macbook</createdBy>
<createdTime>2025-08-31 00:45:44 UTC</createdTime>
<ownerDesignName>Exp1_S3_Bastian_Valdivia</ownerDesignName>
<engineerTo>
<item key="B02159A5-A3E1-6530-4CC1-4ED5532DEA21" value="true"/>
</engineerTo>
<sourcePk>1E25536F-D0C6-E104-0160-820C9245633B</sourcePk>
<identifying>false</identifying>
<optionalSource>true</optionalSource>
<optionalTarget>false</optionalTarget>
<sourceCardinality>1</sourceCardinality>
<sourceEntity>20F171CE-AFDB-72CA-8EE8-97BC3528D67B</sourceEntity>
<targetCardinalityString>*</targetCardinalityString>
<targetEntity>A4917434-B24B-909B-AF0E-059B2F136098</targetEntity>
<transferable>true</transferable>
<deleteRule>NO ACTION</deleteRule>
</Relation>