<?xml version = '1.0' encoding = 'UTF-8'?>
<Relation class="oracle.dbtools.crest.model.design.logical.Relation" name="Residencia-Personal" directorySegmentName="seg_0" id="755953BB-8C20-A2CB-BCC1-7ABDC64D026D">
<createdBy>macbook</createdBy>
<createdTime>2025-08-31 00:50:25 UTC</createdTime>
<ownerDesignName>Exp1_S3_Bastian_Valdivia</ownerDesignName>
<engineerTo>
<item key="B02159A5-A3E1-6530-4CC1-4ED5532DEA21" value="true"/>
</engineerTo>
<sourcePk>37EE9C13-CA91-E146-7C1B-CF0AE627EDA2</sourcePk>
<identifying>false</identifying>
<optionalSource>true</optionalSource>
<optionalTarget>false</optionalTarget>
<sourceCardinality>*</sourceCardinality>
<sourceEntity>231D0BC5-0D1C-2D26-9A39-A677CBB3F57C</sourceEntity>
<targetCardinalityString>*</targetCardinalityString>
<targetEntity>9E9B881E-05EC-B44C-B149-7288579C58CD</targetEntity>
<transferable>true</transferable>
<deleteRule>NO ACTION</deleteRule>
</Relation>