<?xml version = '1.0' encoding = 'UTF-8'?>
<Relation class="oracle.dbtools.crest.model.design.logical.Relation" name="Residencia_Habitacion" directorySegmentName="seg_0" id="8D9CEA78-DA59-8BA5-9C8A-F48D5B8DD65C">
<createdBy>macbook</createdBy>
<createdTime>2025-08-31 00:38:23 UTC</createdTime>
<ownerDesignName>Exp1_S3_Bastian_Valdivia</ownerDesignName>
<engineerTo>
<item key="B02159A5-A3E1-6530-4CC1-4ED5532DEA21" value="true"/>
</engineerTo>
<sourcePk>6904AD39-634E-B48D-49D8-907D791DADF9</sourcePk>
<identifying>false</identifying>
<optionalSource>true</optionalSource>
<optionalTarget>false</optionalTarget>
<sourceCardinality>1</sourceCardinality>
<sourceEntity>9E9B881E-05EC-B44C-B149-7288579C58CD</sourceEntity>
<targetCardinalityString>*</targetCardinalityString>
<targetEntity>C032C723-5852-8AFD-F816-F4680DC7A01A</targetEntity>
<transferable>true</transferable>
<deleteRule>NO ACTION</deleteRule>
</Relation>