<?xml version = '1.0' encoding = 'UTF-8'?>
<Relation class="oracle.dbtools.crest.model.design.logical.Relation" name="Medico-Medicosupervisor" directorySegmentName="seg_0" id="D4DE5AB7-052A-5541-EC10-1DE2443867C9">
<createdBy>macbook</createdBy>
<createdTime>2025-08-31 02:17:48 UTC</createdTime>
<ownerDesignName>Exp1_S3_Bastian_Valdivia</ownerDesignName>
<engineerTo>
<item key="B02159A5-A3E1-6530-4CC1-4ED5532DEA21" value="true"/>
</engineerTo>
<targetPk>F9FB9C94-3403-FC91-E4E1-B273872D1922</targetPk>
<identifying>false</identifying>
<optionalSource>true</optionalSource>
<optionalTarget>false</optionalTarget>
<sourceCardinality>1</sourceCardinality>
<sourceEntity>676F8F59-B96E-03BF-ADE4-0EC113F63502</sourceEntity>
<targetCardinalityString>*</targetCardinalityString>
<targetEntity>676F8F59-B96E-03BF-ADE4-0EC113F63502</targetEntity>
<transferable>true</transferable>
<deleteRule>NO ACTION</deleteRule>
</Relation>