<?xml version = '1.0' encoding = 'UTF-8'?>
<Relation class="oracle.dbtools.crest.model.design.logical.Relation" name="Habitacion-Residente" directorySegmentName="seg_0" id="E24048E9-AAD0-8439-ACB5-B18B06514370">
<createdBy>macbook</createdBy>
<createdTime>2025-08-31 00:39:48 UTC</createdTime>
<ownerDesignName>Exp1_S3_Bastian_Valdivia</ownerDesignName>
<engineerTo>
<item key="B02159A5-A3E1-6530-4CC1-4ED5532DEA21" value="true"/>
</engineerTo>
<sourcePk>B5343F29-B45D-78B9-DDF0-898D8C6DD967</sourcePk>
<identifying>false</identifying>
<optionalSource>true</optionalSource>
<optionalTarget>false</optionalTarget>
<sourceCardinality>1</sourceCardinality>
<sourceEntity>C032C723-5852-8AFD-F816-F4680DC7A01A</sourceEntity>
<targetCardinalityString>*</targetCardinalityString>
<targetEntity>6F48CB4D-6DFF-20EB-D287-0B821E3784A3</targetEntity>
<transferable>true</transferable>
<deleteRule>NO ACTION</deleteRule>
</Relation>