<?xml version = '1.0' encoding = 'UTF-8'?>
<TableSpaceOraclev10g class="oracle.dbtools.crest.model.design.storage.oracle.v10g.TableSpaceOraclev10g" name="DATA" directorySegmentName="seg_0" id="4A997385-6004-7E13-11C7-9ECE09E3CE20">
<sourceConnName>Cristaleria_S9</sourceConnName>
<sourceObjSchema>ADMIN</sourceObjSchema>
<sourceObjName>DATA</sourceObjName>
<createdBy>macbook</createdBy>
<createdTime>2025-10-08 23:55:52 UTC</createdTime>
<ownerDesignName>Eft_S9_BV_Modelos</ownerDesignName>
<emUniformSize>0</emUniformSize>
<extentManagement>LOCAL</extentManagement>
</TableSpaceOraclev10g>